avg_daily_time,onboarded_age,VM_count ,avg_url_count,most_hit_topic,City,trial_customer,Country,last_login,potention_buyer
68.95,35,61834,256.09,Multi-channeled,Wrightburgh,0,Tunisia,3/27/16 0:53,0
80.23,31,68442,193.77,Data warehouse,West Jodi,1,Nauru,4/4/16 1:39,0
69.47,26,59786,236.5,Customer-focused,Davidton,0,San Marino,3/13/16 20:35,0
74.15,29,54806,245.89,Triple-buffered,West Terrifurt,1,Italy,1/10/16 2:31,0
68.37,35,73890,225.58,Triple-buffered,South Manuel,0,Iceland,6/3/16 3:36,0
59.99,23,59762,226.74,Data warehouse,Jamieberg,1,Norway,5/19/16 14:30,0
88.91,33,53853,208.36,Support,Brandonstad,0,Myanmar,1/28/16 20:59,0
66,48,24593,131.76,5th Gen,Port Jefferybury,1,Australia,3/7/16 1:40,1
74.53,30,68862,221.51,Configurable,West Colin,1,Grenada,4/18/16 9:33,0
69.88,20,55642,183.82,Configurable,Ramirezton,1,Ghana,7/11/16 1:42,0
47.64,49,45633,122.02,Multi-channeled,West Brandonton,0,Qatar,3/18/16 20:19,1
83.07,37,62491,230.87,Decentralized,East Theresashire,1,Burundi,5/8/16 8:10,0
69.57,48,51637,113.12,Reverse-engineered,West Katiefurt,1,Egypt,6/3/16 1:14,1
79.52,24,51740,214.23,Business-focused,North Tara,0,Bosnia and Herzegovina,4/20/16 21:49,0
42.95,33,30976,143.56,Business-focused,West William,0,Barbados,3/24/16 9:31,1
63.45,23,52182,140.64,Robust utilization,New Travistown,1,Spain,3/9/16 3:41,1
55.39,37,23937,129.41,Data warehouse,West Dylanberg,0,Palestinian Territory,1/30/16 19:20,1
82.03,41,71511,187.53,5th Gen,Pruittmouth,0,Afghanistan,5/2/16 7:00,0
54.7,36,31088,118.39,Decentralized,Jessicastad,1,British Indian Ocean Territory (Chagos Archipelago),2/13/16 7:53,1
74.58,40,23822,135.51,Multi-channeled,Millertown,1,Russian Federation,2/27/16 4:43,1
77.22,30,64802,224.44,Object-based,Port Jacqueline,1,Cameroon,1/5/16 7:52,0
84.59,35,60016,226.54,Object-based,Lake Nicole,1,Cameroon,3/18/16 13:22,0
41.49,52,32636,164.83,Decentralized,South John,0,Burundi,5/20/16 8:49,1
87.29,36,61629,209.93,open system,Pamelamouth,1,Korea,3/23/16 9:43,0
41.39,41,68962,167.22,Multi-channeled,Harperborough,0,Tokelau,6/13/16 17:27,1
78.74,28,64828,204.79,Support,Port Danielleberg,1,Monaco,5/27/16 15:25,0
48.53,28,38067,134.14,Multi-channeled,West Jeremyside,1,Tuvalu,2/8/16 10:46,1
51.95,52,58296,129.23,Configurable,South Cathyfurt,0,Greece,7/19/16 8:32,1
70.2,34,32709,119.2,Decentralized,Palmerside,0,British Virgin Islands,4/14/16 5:08,1
76.02,22,46180,209.82,Business-focused,West Guybury,0,Bouvet Island (Bouvetoya),1/27/16 12:38,0
67.64,35,51473,267.01,Data warehouse,Phelpschester,1,Peru,7/2/16 20:23,0
86.41,28,45594,207.48,5th Gen,Lake Melindamouth,1,Aruba,3/1/16 22:13,0
59.05,57,25583,169.23,Support,North Richardburgh,1,Maldives,7/15/16 5:05,1
55.6,23,30228,212.58,Customer-focused,Port Cassie,0,Senegal,1/14/16 14:00,1
57.64,57,45581,133.81,User-friendly,New Thomas,1,Dominica,3/15/16 3:12,1
84.37,30,61390,201.58,Triple-buffered,Johnstad,0,Luxembourg,4/12/16 3:26,0
62.26,53,56771,125.45,Support,West Aprilport,1,Montenegro,4/7/16 15:18,1
65.82,39,76435,221.94,24/7 Middleware,Kellytown,0,Ukraine,2/9/16 5:28,0
50.43,46,57426,119.32,Customer-focused,Charlesport,1,Saint Helena,5/7/16 17:11,1
38.93,39,27508,162.08,Triple-buffered,Millerchester,0,Liberia,3/11/16 6:49,1
84.98,29,57692,202.61,Multi-channeled,Mackenziemouth,0,Russian Federation,4/27/16 9:27,0
64.24,30,59784,252.36,Multi-channeled,Zacharystad,0,Tunisia,4/18/16 11:53,0
82.52,32,66572,198.11,Multi-channeled,North Joshua,1,Turkmenistan,5/8/16 15:38,0
81.38,31,64930,212.3,Customer-focused,Bowenview,0,Saint Helena,2/8/16 0:23,0
80.47,25,57520,204.86,Data warehouse,Jamesberg,0,Niger,2/11/16 13:26,0
37.68,52,53575,172.83,Multi-channeled,Lake Cassandraport,1,Turkmenistan,2/17/16 13:16,1
69.62,20,50984,202.25,Multi-channeled,New Sharon,1,Qatar,2/26/16 22:46,0
85.4,43,67059,198.72,Robust utilization,Johnport,0,Sri Lanka,6/8/16 18:54,0
44.33,37,52723,123.72,Multi-channeled,Hamiltonfort,1,Trinidad and Tobago,1/8/16 9:32,1
48.01,46,54286,119.93,Triple-buffered,West Christopher,0,Italy,4/25/16 11:01,1
73.18,23,61526,196.71,Decentralized,Hollandberg,1,British Virgin Islands,4/4/16 7:07,0
79.94,28,58526,225.29,24/7 Middleware,Odomville,0,United Kingdom,5/3/16 21:19,0
33.33,45,53350,193.58,Configurable,East Samanthashire,1,Guinea-Bissau,1/17/16 9:31,1
50.33,50,62658,133.2,Support,South Lauraton,1,Micronesia,3/2/16 4:57,1
62.31,47,62723,119.3,Multi-channeled,Amandahaven,0,Turkey,2/14/16 7:36,1
80.6,31,67480,177.55,De-engineered,Thomasview,0,Croatia,4/7/16 3:56,0
65.19,36,75255,150.61,Triple-buffered,Garciaside,0,Israel,2/17/16 11:42,1
44.98,49,52337,129.31,Robust utilization,Port Sarahshire,0,Svalbard & Jan Mayen Islands,4/10/16 0:13,1
77.63,29,56113,239.22,5th Gen,Port Gregory,0,Azerbaijan,2/14/16 17:05,0
41.82,41,24853,156.36,Triple-buffered,Brendachester,0,Iran,5/26/16 22:49,1
85.61,27,47708,183.43,Decentralized,Lake Amy,0,Burundi,4/30/16 8:07,0
85.84,34,64655,192.93,Customer-focused,Lake Annashire,1,Saint Vincent and the Grenadines,6/15/16 5:30,0
72.08,29,71228,169.5,Decentralized,Smithburgh,0,Burundi,3/9/16 14:45,0
86.06,32,61601,178.92,Decentralized,North Leonmouth,1,Bulgaria,3/31/16 20:55,0
45.96,45,66281,141.22,Object-based,Robertfurt,0,Christmas Island,6/3/16 0:55,1
62.42,29,73911,198.5,Object-based,Jasminefort,1,Canada,3/10/16 23:36,0
63.89,40,51317,105.22,Multi-channeled,Jensenborough,0,Rwanda,1/8/16 0:17,1
35.33,32,51510,200.22,Multi-channeled,Bradleyburgh,0,Turks and Caicos Islands,6/5/16 22:11,1
75.74,25,61006,215.25,Multi-channeled,New Sheila,1,Tunisia,1/18/16 11:35,0
78.53,34,32537,131.72,Data warehouse,North Regina,0,Norfolk Island,4/22/16 20:10,1
46.13,31,60249,139.01,Business-focused,Davidmouth,0,Bouvet Island (Bouvetoya),2/1/16 9:00,1
69.01,46,74544,222.63,Multi-channeled,New Michaeltown,0,Turks and Caicos Islands,7/7/16 13:37,0
55.35,39,75510,153.17,Object-based,East Tammie,1,Cook Islands,3/8/16 0:37,1
33.21,43,42650,167.07,Multi-channeled,Wilcoxport,1,Turkey,5/10/16 17:39,1
38.46,42,58183,145.98,Configurable,East Michaelmouth,1,Guatemala,4/6/16 11:24,1
64.1,22,60466,215.93,De-engineered,East Tiffanyport,0,Cote d'Ivoire,4/1/16 16:21,0
49.81,35,57010,120.06,User-friendly,Ramirezhaven,1,Faroe Islands,1/5/16 4:18,1
82.73,33,54542,238.99,Multi-channeled,Cranemouth,1,Qatar,5/20/16 21:31,0
56.14,38,32689,113.53,Triple-buffered,Lake Edward,1,Ireland,2/3/16 7:59,1
55.13,45,55606,111.71,24/7 Middleware,Lake Conniefurt,0,Ukraine,2/17/16 21:55,1
78.11,27,63297,209.25,Support,East Shawnchester,1,Moldova,1/30/16 16:10,0
73.46,28,65653,222.75,Data warehouse,West Joseph,1,Nicaragua,5/15/16 14:41,0
56.64,38,61653,115.91,Support,Lake Christopherfurt,0,Montserrat,1/5/16 17:56,1
68.94,54,30726,138.71,Multi-channeled,East Tylershire,0,Timor-Leste,4/19/16 7:34,1
70.79,31,74536,184.1,Business-focused,Sharpberg,0,Bouvet Island (Bouvetoya),3/15/16 15:49,0
57.76,41,47862,105.15,Data warehouse,Lake Dustin,0,Puerto Rico,6/12/16 15:25,1
77.51,36,73600,200.55,Object-based,North Kristine,0,Central African Republic,7/1/16 4:41,0
52.7,34,58544,118.6,HR encoding,Grahamberg,1,Venezuela,5/8/16 12:12,1
57.7,34,42697,109.07,5th Gen,New Tina,0,Australia,3/14/16 23:13,1
56.89,37,37335,109.29,HR encoding,Nelsonfurt,1,Wallis and Futuna,5/25/16 0:19,1
69.9,43,71393,138.35,open system,Christopherport,0,Jersey,5/13/16 11:51,1
55.79,24,59550,149.67,Data warehouse,Port Sarahhaven,0,Puerto Rico,2/20/16 20:47,1
70.03,26,64264,227.72,Customer-focused,Bradleyborough,1,Samoa,5/22/16 20:49,0
50.08,40,64148,125.85,Configurable,Whiteport,1,Greece,4/10/16 2:02,1
43.67,31,25686,166.29,5th Gen,New Theresa,1,Antarctica (the territory South of 60 deg S),2/28/16 6:41,1
72.84,26,52968,238.63,5th Gen,Wongland,0,Albania,7/8/16 21:18,0
45.72,36,22473,154.02,Cross-platform,Williammouth,1,Hong Kong,4/19/16 15:14,1
39.94,41,64927,156.3,Triple-buffered,Williamsborough,0,Lithuania,1/8/16 22:47,1
35.61,46,51869,158.22,Reverse-engineered,North Michael,0,Egypt,3/28/16 8:46,1
79.71,34,69457,211.65,Business-focused,Benjaminchester,1,Bangladesh,7/2/16 14:57,0
41.49,53,31948,169.18,HR encoding,Hernandezville,0,Western Sahara,7/3/16 9:22,1
63.6,23,51865,235.28,Customer-focused,Youngburgh,1,Serbia,6/1/16 9:27,0
89.91,40,59594,194.23,Support,Wallacechester,0,Maldives,7/9/16 14:55,0
68.18,21,48376,218.17,De-engineered,Sanchezmouth,1,Czech Republic,2/9/16 22:04,0
66.49,20,56885,202.16,Configurable,Bradshawborough,0,Guernsey,6/10/16 11:31,0
80.49,40,67187,229.12,Multi-channeled,Amyhaven,1,Tanzania,2/14/16 3:50,0
72.23,25,46558,241.03,Business-focused,Marcushaven,1,Bhutan,7/5/16 17:17,0
42.39,42,66541,150.99,Object-based,Erinton,0,Christmas Island,4/28/16 5:50,1
47.53,30,33258,135.18,Configurable,Hughesport,0,Guinea,4/3/16 5:10,1
74.02,32,72273,210.54,Support,Johnstad,0,Micronesia,3/9/16 14:57,0
66.63,60,60333,176.98,Support,New Lucasburgh,0,Madagascar,1/18/16 23:37,1
63.24,53,65229,235.78,Triple-buffered,Michelleside,1,Lebanon,7/3/16 4:33,1
71,22,56067,211.87,Reverse-engineered,Andersonton,0,Eritrea,3/14/16 6:46,0
46.13,46,37839,123.64,Configurable,New Rachel,1,Guyana,1/9/16 5:44,1
69,32,72683,221.21,Multi-channeled,Port Susan,1,Trinidad and Tobago,2/11/16 4:37,0
76.99,31,56730,244.34,open system,West Angelabury,1,Jersey,6/22/16 7:33,0
72.6,55,66816,162.95,24/7 Middleware,Port Christopherborough,0,United Arab Emirates,7/13/16 16:12,1
61.88,42,60224,112.19,Support,Phillipsbury,1,Martinique,7/23/16 11:46,1
84.45,50,29728,207.18,Customer-focused,Millerside,0,Somalia,7/13/16 4:10,1
88.97,45,49270,152.49,Business-focused,Lake Jessica,0,Bhutan,6/11/16 18:32,1
86.19,31,57669,210.26,Configurable,Lopezmouth,1,Greece,5/8/16 12:51,0
49.58,26,56792,231.94,Business-focused,Johnsport,0,Benin,4/7/16 16:02,0
77.65,27,63275,212.79,Data warehouse,South Ronald,0,Papua New Guinea,2/4/16 13:30,0
37.75,36,35467,225.24,24/7 Middleware,South Daniel,0,Uzbekistan,2/26/16 19:48,1
62.33,43,68787,127.11,Robust utilization,Suzannetown,0,South Africa,6/21/16 13:15,1
79.57,31,61228,230.93,Reverse-engineered,Lisaberg,0,Egypt,5/17/16 4:27,0
80.31,44,56367,127.07,Cross-platform,Brianfurt,0,Hungary,4/18/16 15:54,1
89.05,45,57868,206.98,User-friendly,Stewartbury,0,Falkland Islands (Malvinas),4/3/16 10:07,0
70.41,27,66618,223.03,User-friendly,Benjaminchester,0,Dominica,4/4/16 21:30,0
67.36,37,73104,233.56,open system,North Wesleychester,0,Jersey,7/6/16 16:00,0
46.98,50,21645,175.37,Triple-buffered,East Michelleberg,0,Lithuania,5/4/16 9:00,1
41.67,36,53817,132.55,Customer-focused,Port Eric,0,Saint Martin,6/13/16 18:50,1
51.24,36,76368,176.73,De-engineered,Timothyfurt,0,Cuba,1/3/16 16:01,1
75.7,29,67633,215.44,24/7 Middleware,Port Jeffrey,0,United States Minor Outlying Islands,1/14/16 0:23,0
43.49,47,50335,127.83,Business-focused,Guzmanland,0,Belize,1/12/16 10:07,1
49.89,39,17710,160.03,Business-focused,East Michele,1,Belize,4/18/16 12:09,1
38.37,36,41229,140.46,5th Gen,East John,0,Antarctica (the territory South of 60 deg S),5/13/16 6:09,1
38.52,38,42581,137.28,Customer-focused,Lesliebury,1,Saint Vincent and the Grenadines,3/27/16 23:59,1
71.89,23,61618,172.81,open system,Patriciahaven,1,Kuwait,2/3/16 23:47,0
75.8,38,70576,146.19,Multi-channeled,Ashleychester,1,Thailand,4/18/16 11:23,0
83.86,31,64122,190.25,Configurable,Lake Josetown,0,Gibraltar,2/5/16 19:06,0
37.51,30,52097,163,Cross-platform,Debraburgh,1,Holy See (Vatican City State),3/21/16 18:46,1
55.6,44,65954,124.38,open system,New Debbiestad,1,Korea,6/14/16 11:59,1
83.67,44,60193,234.26,Customer-focused,West Shaun,1,Saint Helena,2/6/16 23:08,0
69.08,41,77460,210.6,Multi-channeled,Kimberlyhaven,0,Turks and Caicos Islands,3/12/16 1:39,0
37.47,44,45716,141.89,De-engineered,Port Lawrence,1,Czech Republic,1/26/16 3:56,1
56.04,49,65121,128.95,Data warehouse,West Ricardo,1,Netherlands,2/7/16 8:02,1
70.92,41,49996,108.16,Business-focused,Lake Jose,1,Belarus,5/5/16 7:58,1
49.78,46,71719,152.24,User-friendly,Heatherberg,0,Dominica,6/29/16 2:43,1
68.61,57,61770,150.29,Robust utilization,South George,0,South Africa,4/10/16 19:48,1
58.18,25,69113,176.28,Data warehouse,Tinachester,1,New Zealand,2/10/16 6:37,0
78.54,35,72525,172.1,Multi-channeled,Port Jodi,0,Togo,5/28/16 20:41,0
37,48,36782,158.22,open system,Jonathantown,1,Kenya,3/24/16 6:36,1
65.4,33,66699,247.31,Data warehouse,Sylviaview,0,Palau,2/12/16 22:51,0
79.52,27,64288,183.48,Multi-channeled,East Timothyport,1,Timor-Leste,6/10/16 10:11,0
87.98,38,56638,222.11,Object-based,West Roytown,1,Cambodia,3/31/16 10:44,0
44.64,36,55788,127.01,Business-focused,Codyburgh,0,Belize,2/14/16 6:51,1
41.73,28,61142,202.18,De-engineered,Port Erikhaven,1,Cuba,1/7/16 19:16,1
80.46,27,61626,207.96,De-engineered,Port Chasemouth,1,Costa Rica,2/4/16 2:13,0
75.55,36,73235,159.24,Triple-buffered,Ramirezside,0,Liechtenstein,5/9/16 2:58,1
76.32,35,74166,195.31,open system,East Michaeltown,1,Korea,6/23/16 0:16,0
82.68,33,62670,222.77,24/7 Middleware,West Courtney,1,Ukraine,6/20/16 9:35,0
72.01,31,57757,251,5th Gen,West Michaelhaven,0,Angola,2/29/16 12:31,0
75.83,24,58020,162.44,Data warehouse,Walshhaven,0,Nauru,1/17/16 15:10,0
41.28,50,50960,140.39,Reverse-engineered,East Rachelview,0,Equatorial Guinea,1/29/16 3:54,1
34.66,32,48247,194.83,Support,Curtisport,0,Mongolia,7/14/16 12:07,1
66.18,55,28272,143.42,Robust utilization,Frankbury,0,Svalbard & Jan Mayen Islands,1/10/16 23:14,1
86.06,31,53767,219.72,Multi-channeled,Timothytown,1,Timor-Leste,4/28/16 18:34,0
59.59,42,43662,104.78,Decentralized,Samanthaland,1,Brazil,7/6/16 18:36,1
86.69,34,62239,198.56,Object-based,South Jennifer,0,Chad,5/27/16 6:19,0
43.77,52,49030,138.55,Data warehouse,Kyleborough,1,Portugal,1/25/16 7:39,1
71.84,47,76003,199.79,Support,North Randy,1,Malawi,5/8/16 22:47,0
80.23,31,68095,196.23,Multi-channeled,South Daniellefort,0,Qatar,3/19/16 14:23,0
74.41,26,64396,163.05,Customer-focused,Dianashire,0,Singapore,7/23/16 4:37,0
63.36,48,70053,137.43,Configurable,East Eric,0,Guinea,6/23/16 1:22,1
71.74,35,72424,227.56,open system,Hammondport,0,Kazakhstan,7/19/16 18:06,0
60.72,44,42996,105.69,open system,Jacobstad,0,Kuwait,2/28/16 18:52,1
72.04,22,60310,199.43,Multi-channeled,Hernandezfort,0,Rwanda,2/10/16 6:52,0
44.57,31,38350,133.17,Object-based,Joneston,1,China,3/27/16 9:11,1
85.86,34,63115,208.23,Business-focused,New Jeffreychester,0,Bouvet Island (Bouvetoya),5/23/16 2:15,0
39.85,38,31343,145.96,HR encoding,East Stephen,0,Vietnam,1/3/16 3:22,1
84.53,27,40763,168.34,Configurable,Turnerchester,0,Guatemala,1/4/16 21:48,1
62.95,60,36752,157.04,Data warehouse,Youngfort,0,Peru,5/24/16 13:30,1
67.58,41,65045,255.61,Support,Ingramberg,1,Mayotte,2/1/16 19:42,0
85.56,29,53673,210.46,Customer-focused,South Denisefurt,0,Samoa,6/5/16 13:16,0
46.88,54,43445,136.64,Customer-focused,Port Melissaberg,0,Singapore,2/4/16 8:53,1
46.31,57,44249,153.98,open system,Bernardton,1,Jamaica,3/24/16 13:37,1
77.95,31,62573,233.65,Business-focused,Port Mathew,1,Bahamas,6/2/16 21:02,0
84.73,30,39841,153.76,Object-based,Aliciatown,0,Canada,2/21/16 7:42,1
39.86,36,32594,145.85,5th Gen,Josephstad,0,Algeria,6/26/16 17:16,1
50.08,30,41630,123.91,User-friendly,West Ericfurt,0,Fiji,1/3/16 5:34,1
60.23,35,43314,106.86,open system,New Brendafurt,0,Kenya,3/8/16 18:00,1
60.7,49,42993,110.57,5th Gen,Port Julie,1,Argentina,6/19/16 3:19,1
43.67,53,46004,143.79,Business-focused,South Tiffanyton,1,Bouvet Island (Bouvetoya),7/21/16 21:16,1
77.2,33,49325,254.05,Data warehouse,North Elizabeth,1,Philippines,2/12/16 20:36,0
71.86,32,51633,116.53,Customer-focused,Kentmouth,0,Senegal,5/17/16 6:14,1
44.78,45,63363,137.24,Robust utilization,West Casey,1,Suriname,7/9/16 11:04,1
78.57,36,64046,239.32,Triple-buffered,East Henry,1,Liberia,3/27/16 2:35,0
73.41,31,73049,201.26,Configurable,Hollyfurt,1,Guam,1/18/16 8:01,0
77.05,27,66625,191.14,24/7 Middleware,North Anna,0,United Arab Emirates,1/21/16 23:48,0
66.4,40,77568,214.42,5th Gen,Port Destiny,0,Antigua and Barbuda,6/5/16 0:29,0
69.35,29,53431,252.77,5th Gen,Ianmouth,1,Argentina,2/13/16 15:37,0
35.65,40,31266,172.58,Configurable,North Johntown,1,Georgia,5/10/16 7:22,1
70.04,31,74781,183.85,open system,Hannahside,1,Jordan,3/27/16 3:59,0
69.78,29,70410,218.79,Customer-focused,Wilsonburgh,0,Saudi Arabia,5/24/16 18:35,0
58.22,29,37345,120.9,Robust utilization,North Russellborough,0,South Africa,2/11/16 2:40,1
76.9,28,66108,212.67,De-engineered,Murphymouth,0,Croatia,4/22/16 8:31,0
84.08,30,62336,187.36,User-friendly,Carterburgh,1,Fiji,1/13/16 2:58,0
59.51,58,39133,140.83,5th Gen,Penatown,0,Australia,6/18/16 2:01,1
40.15,38,38745,134.88,Customer-focused,Joechester,1,Sao Tome and Principe,6/27/16 18:37,1
76.81,28,65172,217.85,User-friendly,East Paul,1,Fiji,7/3/16 12:57,0
41.89,38,68520,163.38,De-engineered,Hartmanchester,0,Cyprus,2/3/16 4:21,1
76.87,27,54775,235.35,open system,Mcdonaldfort,1,Kyrgyz Republic,5/29/16 21:17,0
67.28,43,76247,155.8,Data warehouse,North Mercedes,1,Pakistan,4/3/16 21:13,1
81.98,40,65462,229.22,Customer-focused,Taylorberg,0,Seychelles,4/15/16 11:51,0
66.01,23,34127,151.95,Customer-focused,Hansenmouth,0,Samoa,6/21/16 3:14,1
61.57,53,35254,125.94,Decentralized,Bradyfurt,1,Bulgaria,3/14/16 14:13,1
53.3,34,44894,111.94,Support,West Jessicahaven,0,Mauritania,5/6/16 21:07,1
34.87,40,59621,200.23,De-engineered,Davilachester,0,Czech Republic,6/12/16 17:52,1
43.6,38,20857,170.49,Object-based,North Ricardotown,0,Chile,1/11/16 7:36,1
77.88,37,55353,254.57,Data warehouse,Melissafurt,0,Poland,7/2/16 0:24,0
75.83,27,67516,200.59,Reverse-engineered,East Brianberg,0,Estonia,3/4/16 10:13,0
49.95,39,68738,136.59,Multi-channeled,Millerbury,0,Turkmenistan,3/24/16 9:12,1
60.94,41,76894,154.97,Triple-buffered,Garciaview,0,Latvia,2/14/16 7:30,1
89.15,42,59887,171.07,User-friendly,Townsendfurt,0,Fiji,4/25/16 7:30,0
78.7,30,53442,133.99,Multi-channeled,Williamstad,0,Turkey,2/10/16 19:20,1
57.35,29,41356,119.84,open system,West Connor,0,Kazakhstan,4/23/16 14:34,1
34.86,38,49943,154.75,Business-focused,West Justin,0,Bahrain,6/18/16 17:56,1
70.68,31,74430,199.08,Object-based,Robertbury,0,Colombia,7/17/16 1:58,0
76.06,23,58634,201.04,Decentralized,New Tinamouth,0,Brunei Darussalam,4/27/16 4:28,0
66.67,33,72708,228.03,Multi-channeled,Turnerview,1,Taiwan,4/21/16 20:29,0
46.77,32,31093,136.4,Customer-focused,Reneechester,1,Serbia,3/23/16 6:00,1
62.42,38,74445,143.94,Customer-focused,West Tinashire,0,Saint Pierre and Miquelon,7/19/16 7:59,1
78.32,28,49309,239.52,5th Gen,Jamesfurt,0,Australia,6/26/16 11:52,1
37.32,50,56735,199.25,Object-based,New Nancy,1,Chad,3/30/16 23:40,1
40.42,45,40184,133.9,Data warehouse,Lisamouth,1,Norway,3/18/16 7:59,1
76.77,36,58348,123.51,Multi-channeled,Harveyport,0,Turks and Caicos Islands,5/4/16 0:01,1
65.65,30,72210,158.05,User-friendly,Ramosstad,0,Finland,7/2/16 21:22,0
74.32,33,62060,128.17,Robust utilization,North Kevinside,0,South Africa,5/23/16 21:14,1
73.27,32,67113,234.75,Support,Haleview,1,Martinique,1/29/16 20:16,0
80.03,44,24030,150.84,5th Gen,Christinetown,0,Afghanistan,7/23/16 14:47,1
53.68,47,56181,115.26,Support,New Michael,1,Micronesia,2/18/16 9:11,1
85.84,32,62205,192.85,User-friendly,Jonesland,1,French Southern Territories,6/9/16 21:43,0
85.03,30,60373,204.52,Data warehouse,North Shannon,0,Philippines,6/19/16 9:24,0
70.44,24,65280,178.75,5th Gen,New Sonialand,1,Algeria,6/6/16 21:26,0
81.22,53,34309,223.09,Customer-focused,Port Jason,1,San Marino,1/7/16 13:25,0
39.96,45,59611,146.13,Configurable,East Barbara,1,Guernsey,4/15/16 6:08,1
57.05,41,50279,269.96,Customer-focused,Port Erinberg,1,Sierra Leone,1/9/16 3:45,1
42.44,56,43450,168.27,Multi-channeled,Petersonfurt,0,Tajikistan,2/10/16 15:23,1
62.2,25,25408,161.16,Triple-buffered,New Lindaberg,0,Liechtenstein,4/24/16 13:42,1
76.7,36,71136,222.25,Reverse-engineered,West Russell,0,Ecuador,6/12/16 5:31,0
61.22,45,63884,119.03,Robust utilization,South Adam,1,Switzerland,1/5/16 9:42,1
84.54,33,64902,204.02,Support,North Tracyport,1,Moldova,3/2/16 10:07,0
46.08,30,66785,164.63,User-friendly,Brownport,1,Finland,7/21/16 10:54,1
56.7,48,62785,123.13,User-friendly,Port Crystal,0,France,1/9/16 4:53,1
81.03,28,63728,201.15,HR encoding,Masonhaven,0,Venezuela,1/6/16 13:20,0
80.91,32,61608,231.42,De-engineered,Derrickhaven,0,Cuba,1/31/16 4:10,0
40.06,38,56782,138.68,Data warehouse,Olsonstad,1,Peru,6/11/16 8:38,1
83.47,39,64448,226.11,Multi-channeled,New Brandy,0,Turkey,5/15/16 20:48,0
73.84,31,42043,121.05,5th Gen,South Jasminebury,0,Albania,6/18/16 17:23,1
74.65,28,67669,212.56,User-friendly,East Timothy,0,French Southern Territories,3/17/16 5:00,0
60.25,35,54876,109.77,Data warehouse,Charlottefort,0,Papua New Guinea,6/29/16 13:35,1
59.21,35,73348,144.62,Triple-buffered,Lake Beckyburgh,1,Liechtenstein,2/2/16 8:55,1
43.02,44,50200,125.22,Multi-channeled,West Lindseybury,0,Thailand,4/13/16 5:42,1
84.04,38,50724,244.55,Support,West Alyssa,0,Malaysia,7/20/16 9:27,0
70.66,43,63451,120.95,Support,Lake Craigview,1,Mauritius,2/26/16 4:57,1
70.58,26,56694,136.94,5th Gen,Lake David,0,Algeria,2/26/16 9:18,1
72.44,34,70547,230.14,Object-based,Bruceburgh,0,Christmas Island,4/15/16 14:45,0
40.17,26,47392,171.31,open system,South Lauratown,1,Japan,2/1/16 14:37,1
79.15,26,62312,203.23,Configurable,Port Robin,0,Greenland,1/20/16 19:09,0
44.49,53,63100,168,Customer-focused,Jacksonburgh,1,Sao Tome and Principe,4/23/16 6:28,1
73.04,37,73688,221.79,Customer-focused,Erinmouth,1,Senegal,6/19/16 22:26,0
76.28,33,52686,254.34,Configurable,Port Aliciabury,0,Guadeloupe,2/15/16 7:55,0
68.88,37,78120,179.58,Business-focused,Port Whitneyhaven,0,Belgium,2/9/16 19:37,0
73.1,28,57015,242.37,Triple-buffered,Jeffreyshire,0,Israel,1/25/16 7:52,0
47.66,29,27086,156.54,Cross-platform,Tinaton,0,Honduras,7/18/16 11:33,1
87.3,35,58337,216.87,Reverse-engineered,North Loriburgh,0,Estonia,1/9/16 7:28,0
89.34,32,50216,177.78,Data warehouse,Wendyton,1,Paraguay,3/21/16 21:15,0
81.37,26,53049,156.48,open system,Lake Jacqueline,1,Kyrgyz Republic,2/15/16 12:25,0
81.67,28,62928,196.76,Support,North Christopher,1,Mauritania,3/4/16 8:48,0
46.37,52,32848,144.27,User-friendly,Alexanderfurt,0,French Guiana,1/5/16 0:02,1
54.88,24,32007,148.61,Data warehouse,West Pamela,0,Northern Mariana Islands,5/15/16 1:03,1
40.67,35,48913,133.18,Triple-buffered,West Amanda,0,Lebanon,5/5/16 9:28,1
71.76,35,69286,237.39,Customer-focused,South Tomside,0,Saint Pierre and Miquelon,5/26/16 13:18,0
47.51,51,53701,130.41,5th Gen,Bethburgh,1,American Samoa,5/21/16 1:36,1
75.15,22,52011,212.87,Global intranet,Jamiefort,1,Austria,5/4/16 12:06,0
56.01,26,46339,127.26,Multi-channeled,Garciamouth,0,Tonga,7/5/16 18:59,1
82.87,37,67939,213.36,Multi-channeled,West Brenda,0,Tonga,6/28/16 20:13,0
45.05,42,66349,141.36,User-friendly,South Kyle,0,French Southern Territories,5/5/16 11:09,1
60.53,24,66874,167.22,Customer-focused,Combsstad,0,Serbia,3/25/16 15:17,1
50.52,31,72271,171.62,Data warehouse,Lake Allenville,0,New Caledonia,1/23/16 15:02,1
84.71,32,61610,210.23,Multi-channeled,Greenechester,0,Taiwan,5/29/16 7:29,0
55.2,39,76561,159.46,24/7 Middleware,Jordantown,1,United States of America,5/30/16 7:36,1
81.61,33,62668,228.76,Support,Gravesport,0,Morocco,4/17/16 15:46,0
71.55,36,75687,163.99,Robust utilization,South Troy,1,Suriname,7/20/16 23:08,0
82.4,36,66745,218.97,Support,Lake Patrick,1,Macedonia,6/29/16 3:07,0
73.95,35,67715,238.58,HR encoding,Millerland,0,Wallis and Futuna,4/10/16 14:48,0
72.07,31,69711,226.45,Object-based,Port Jessicamouth,0,Chile,4/18/16 16:38,0
80.39,31,66269,214.74,Configurable,Paulport,0,Gabon,5/3/16 8:21,0
65.8,25,60843,231.49,Configurable,Clineshire,1,Gabon,3/18/16 16:04,0
69.97,28,55042,250,Cross-platform,Cynthiaside,0,Holy See (Vatican City State),5/22/16 0:01,0
52.62,50,73863,176.52,Customer-focused,Port Juan,0,Seychelles,2/1/16 20:30,1
39.25,39,62378,152.36,Support,Michellefort,0,Mayotte,1/23/16 17:39,1
77.56,38,63337,130.83,24/7 Middleware,Port Angelamouth,1,Uganda,5/19/16 3:52,1
33.52,43,42192,165.56,Object-based,Jessicahaven,0,Cambodia,5/9/16 21:54,1
79.81,24,56195,178.85,Global intranet,North Daniel,1,Antigua and Barbuda,5/31/16 11:44,1
84.79,33,61772,214.53,Object-based,New Juan,0,Cameroon,3/30/16 19:09,0
82.7,35,61384,231.07,Customer-focused,Amyfurt,0,Somalia,1/9/16 15:49,0
84.88,32,63925,186.48,Triple-buffered,Harrishaven,0,Lebanon,4/18/16 3:41,0
54.92,54,23975,161.16,Customer-focused,Roberttown,0,Saint Pierre and Miquelon,6/13/16 13:59,1
76.56,34,70179,221.53,User-friendly,Jeremyshire,1,Dominica,4/23/16 8:15,0
69.74,49,66525,243.37,Cross-platform,Birdshire,0,Hungary,3/27/16 16:41,0
75.55,22,41851,169.4,Multi-channeled,New Amanda,0,Taiwan,2/19/16 7:29,1
72.19,33,61275,250.35,Customer-focused,Curtisview,1,Saint Lucia,5/19/16 11:16,0
84.29,41,60638,232.54,Data warehouse,Jacksonmouth,0,Niue,1/27/16 20:47,0
73.89,39,47161,110.68,User-friendly,North April,0,France,4/20/16 0:41,1
75.84,21,48537,186.98,De-engineered,Hayesmouth,0,Cyprus,2/7/16 7:41,0
73.38,25,53059,236.19,User-friendly,South Corey,1,French Southern Territories,4/21/16 9:30,0
80.72,31,68615,186.37,De-engineered,Juliaport,0,Costa Rica,4/19/16 5:15,0
62.06,44,44174,105,Global intranet,Port Paultown,0,Austria,4/12/16 14:01,1
51.5,34,67050,135.31,HR encoding,East Vincentstad,0,Zambia,3/15/16 11:25,1
90.97,37,54520,180.77,Object-based,Kimberlytown,0,Congo,2/18/16 18:21,0
86.78,30,54952,170.13,24/7 Middleware,New Steve,1,United States of America,2/18/16 23:08,0
66.18,35,69476,243.61,Data warehouse,New Johnberg,0,Pitcairn Islands,3/25/16 8:40,0
84.33,41,54990,240.95,Business-focused,Shawstad,0,Belize,3/18/16 0:28,0
36.87,36,29399,195.91,Global intranet,New Rebecca,0,Anguilla,1/28/16 11:50,1
34.78,48,42861,208.21,Robust utilization,Jeffreyburgh,1,South Africa,3/24/16 2:01,1
76.84,32,65883,231.59,Customer-focused,Faithview,0,Singapore,3/3/16 22:31,0
67.05,25,65421,220.92,User-friendly,Richardsontown,0,Finland,2/26/16 9:54,0
41.47,31,60954,219.79,Support,Port Brookeland,0,Martinique,7/6/16 15:56,1
80.71,26,58477,200.58,Object-based,East Christopherbury,0,Cameroon,6/24/16 5:50,0
80.09,31,66637,214.08,Robust utilization,Port Christinemouth,0,Sweden,5/23/16 21:00,0
56.3,49,67431,135.24,Data warehouse,South Meghan,1,New Caledonia,2/3/16 19:12,1
79.36,34,57260,245.78,Business-focused,Hessstad,1,Bosnia and Herzegovina,4/28/16 22:54,0
86.38,40,66359,188.27,Customer-focused,Rhondaborough,1,Singapore,3/19/16 14:57,0
38.94,41,57587,142.67,User-friendly,Lewismouth,1,Falkland Islands (Malvinas),7/15/16 9:08,1
87.26,35,63061,184.03,Business-focused,New Paul,0,Bosnia and Herzegovina,5/12/16 4:35,0
75.32,28,59999,233.6,Support,Lake Angela,1,Mauritius,1/1/16 21:58,0
74.38,40,74025,220.05,Triple-buffered,East Graceland,1,Indonesia,3/13/16 13:50,0
65.9,22,60551,211.39,De-engineered,Hartport,0,Czech Republic,7/18/16 14:13,0
36.31,47,57983,168.92,Reverse-engineered,East Yvonnechester,0,Eritrea,4/18/16 0:49,1
72.23,48,52736,115.35,Support,Burgessside,0,Mexico,7/17/16 1:13,1
88.12,38,46654,230.91,Configurable,Hurleyborough,0,Gibraltar,2/17/16 7:05,0
83.97,28,56987,205.5,Cross-platform,Garychester,1,Haiti,6/18/16 2:33,0
61.09,26,55336,131.68,User-friendly,East Kevinbury,1,Falkland Islands (Malvinas),4/9/16 16:31,1
65.77,21,42163,218.61,Reverse-engineered,Contrerasshire,1,Eritrea,3/18/16 17:35,0
81.58,25,39699,199.39,Cross-platform,Erikville,0,Hong Kong,5/11/16 22:02,0
37.87,52,56395,188.56,Configurable,Robertsonburgh,1,Gambia,5/25/16 20:10,1
76.2,37,75044,178.51,Business-focused,Karenton,0,Barbados,2/29/16 19:26,0
60.91,19,53310,184.94,Data warehouse,Port Kathleenfort,0,Nauru,6/9/16 14:24,1
74.49,28,58996,237.34,Data warehouse,Lake Adrian,0,Peru,1/30/16 16:15,0
73.71,23,56605,211.38,Reverse-engineered,New Sheila,1,El Salvador,2/15/16 5:35,0
78.19,30,62476,228.81,Triple-buffered,Mollyport,0,Libyan Arab Jamahiriya,1/31/16 6:14,0
79.54,44,70493,217.68,Object-based,Sandraland,1,Cambodia,1/5/16 16:34,0
74.87,52,43699,126.97,Customer-focused,Charlenetown,0,Saint Barthelemy,5/31/16 2:17,1
87.09,36,57738,221.98,Multi-channeled,Luischester,1,Reunion,4/21/16 16:10,0
37.45,47,31281,167.86,Global intranet,South Johnnymouth,0,Antigua and Barbuda,4/10/16 3:30,1
49.84,39,45800,111.59,Customer-focused,Hannaport,0,Samoa,2/9/16 7:21,1
51.38,59,42362,158.56,Global intranet,East Anthony,0,Afghanistan,6/17/16 17:11,1
83.4,34,66691,207.87,Global intranet,West Daleborough,0,Azerbaijan,5/22/16 21:54,0
38.91,33,56370,150.8,Data warehouse,Morrismouth,1,Philippines,7/13/16 7:41,1
62.14,41,59398,110.93,Global intranet,North Andrewstad,1,Angola,1/23/16 18:59,1
79.72,28,66025,193.8,Global intranet,Wrightburgh,1,Albania,5/20/16 12:17,0
73.3,36,68211,135.72,Cross-platform,West Tanya,1,Hungary,1/30/16 4:38,1
69.11,42,73609,231.48,User-friendly,Novaktown,1,Faroe Islands,4/21/16 12:34,0
71.9,54,61229,140.15,De-engineered,Timothymouth,1,Czech Republic,4/22/16 20:32,1
72.45,29,72326,195.36,Robust utilization,Robertmouth,1,Svalbard & Jan Mayen Islands,1/11/16 6:02,0
77.07,40,44559,261.02,Global intranet,Stephenborough,0,Afghanistan,3/1/16 10:01,0
74.62,36,73207,217.79,Multi-channeled,Lake Kurtmouth,0,Rwanda,4/4/16 8:19,0
82.07,25,46722,205.38,Data warehouse,Lauraburgh,1,Panama,6/20/16 6:30,0
58.6,50,45401,113.7,Customer-focused,Rogerburgh,0,Samoa,1/28/16 7:10,1
36.08,45,41417,151.47,24/7 Middleware,Davidside,1,United States Minor Outlying Islands,7/3/16 4:11,1
79.44,26,60846,206.79,Configurable,West Thomas,0,Greece,5/15/16 13:18,0
41.73,47,60813,144.71,De-engineered,Andersonchester,0,Cote d'Ivoire,4/8/16 22:48,1
73.19,25,64268,203.74,Data warehouse,North Ronaldshire,1,Pakistan,1/19/16 12:18,0
77.6,24,58152,197.33,Global intranet,Greghaven,1,Anguilla,5/26/16 15:40,0
89,37,52079,222.26,De-engineered,Jordanmouth,1,Cyprus,1/26/16 15:56,0
69.2,42,26024,123.8,Data warehouse,Meyersstad,0,Peru,6/17/16 9:58,1
67.56,31,62318,125.45,open system,Michelleside,0,Kenya,4/25/16 21:15,1
81.11,39,56217,248.19,Object-based,South Robert,1,Chad,7/13/16 11:41,0
80.22,30,61806,224.58,open system,New Tyler,0,Kyrgyz Republic,7/5/16 15:14,0
43.63,41,51662,123.25,Global intranet,Jordanshire,1,Albania,3/15/16 14:06,1
77.66,29,67081,168.15,Configurable,Reyesland,0,Gabon,6/19/16 22:08,0
74.63,26,51975,235.99,User-friendly,New Traceystad,1,Dominican Republic,7/5/16 20:16,0
49.67,27,28019,153.69,HR encoding,Port Brian,0,Zimbabwe,5/9/16 8:44,1
80.59,37,67745,224.23,De-engineered,Lake Courtney,0,Croatia,7/21/16 23:14,0
83.49,33,66574,190.75,Object-based,Samuelborough,1,Cambodia,6/3/16 17:32,0
44.46,42,30487,132.66,Support,Christinehaven,1,Mongolia,1/15/16 19:40,1
68.1,40,74903,227.73,Cross-platform,Thomasstad,1,Honduras,2/5/16 16:50,0
63.88,38,19992,136.85,Support,Kristintown,0,Madagascar,2/29/16 23:56,1
78.83,36,66051,234.64,Multi-channeled,New Wanda,1,Qatar,5/8/16 12:08,0
79.97,44,70449,216,Object-based,Mariebury,0,China,7/13/16 1:48,0
80.51,28,64009,200.28,Business-focused,Christopherville,1,Bangladesh,1/8/16 2:34,0
62.26,26,70204,202.77,Robust utilization,New Jasmine,0,Swaziland,6/8/16 12:25,0
66.99,47,27263,124.44,Multi-channeled,Lopezberg,1,Tanzania,6/15/16 11:56,1
71.05,20,49544,204.22,Reverse-engineered,Jenniferstad,1,Eritrea,6/13/16 22:41,0
42.05,51,28357,174.55,Object-based,West Eduardotown,1,Canada,6/20/16 14:20,1
50.52,28,66929,219.69,Customer-focused,Davisfurt,0,Saint Kitts and Nevis,4/3/16 6:17,1
76.24,40,75525,198.32,Decentralized,Bakerhaven,1,Burkina Faso,5/31/16 23:42,0
77.29,27,66265,201.24,Multi-channeled,Paulshire,1,Tuvalu,2/15/16 3:43,0
35.98,47,55994,165.52,Reverse-engineered,West Jane,1,El Salvador,3/10/16 23:26,1
84.95,34,56379,230.36,Support,Lake Brian,0,Madagascar,2/26/16 17:01,0
39.34,43,31216,148.93,Business-focused,Alvaradoport,0,Bangladesh,4/17/16 21:39,1
87.23,29,51015,202.12,Global intranet,Lake Kevin,0,American Samoa,3/26/16 19:54,0
57.24,52,46473,117.35,Triple-buffered,Richardsonland,1,Latvia,6/29/16 21:39,1
81.58,41,55480,248.16,Support,East Sheriville,0,Moldova,1/27/16 17:55,0
56.34,50,68714,139.02,Global intranet,Port Michealburgh,1,Anguilla,3/17/16 23:39,1
48.73,27,34191,142.04,Business-focused,Monicaview,0,Bangladesh,7/9/16 16:23,1
51.68,49,51068,258.62,User-friendly,Katieport,0,Faroe Islands,6/28/16 12:51,1
35.34,45,46694,152.86,Multi-channeled,East Brittanyville,0,Taiwan,6/18/16 16:32,1
48.09,33,19345,180.42,Cross-platform,West Travismouth,0,Heard Island and McDonald Islands,5/28/16 12:38,1
78.68,29,66226,208.05,Triple-buffered,Leonchester,0,Israel,1/18/16 16:40,0
68.82,20,38609,205.64,Business-focused,Ramirezland,1,Bolivia,7/11/16 15:45,0
56.99,40,37713,108.15,Business-focused,Brownton,0,Bahamas,7/18/16 23:08,1
86.63,39,63764,209.64,De-engineered,New Jessicaport,1,Costa Rica,4/6/16 21:20,0
41.18,43,41867,129.25,Support,New Denisebury,1,Myanmar,7/5/16 0:54,1
71.03,32,57847,120.85,Data warehouse,Keithtown,0,Netherlands Antilles,2/17/16 23:47,1
72.92,29,69429,217.1,De-engineered,Port Melissastad,1,Czech Republic,3/15/16 17:33,0
77.14,24,60284,184.88,Triple-buffered,Janiceview,1,Iceland,1/21/16 18:51,0
60.7,43,79332,192.6,Data warehouse,Mataberg,1,Palau,6/6/16 22:41,0
34.3,41,53168,160.74,Triple-buffered,West Melaniefurt,1,Libyan Arab Jamahiriya,5/18/16 14:50,1
83.71,45,64564,220.48,open system,Millerfort,1,Kazakhstan,4/17/16 19:10,0
53.38,35,60803,120.06,User-friendly,Alexanderview,1,French Guiana,3/30/16 1:05,1
58.03,31,28387,129.33,Multi-channeled,South Jade,0,Tuvalu,6/29/16 9:04,1
43.59,36,58850,132.31,Object-based,Lake Susan,1,Congo,5/26/16 13:43,1
60.07,42,65963,120.75,24/7 Middleware,South Vincentchester,1,United Kingdom,4/15/16 10:16,1
54.43,37,75180,154.74,Triple-buffered,Williamsmouth,1,Luxembourg,5/31/16 9:06,1
81.99,33,61270,230.9,User-friendly,Taylorport,0,French Polynesia,2/15/16 14:13,0
60.53,29,56759,123.28,Data warehouse,Williamsport,0,Papua New Guinea,5/9/16 10:21,1
84.69,31,46161,231.85,Support,Emilyfurt,1,Maldives,7/7/16 23:32,0
88.72,32,43871,211.87,HR encoding,East John,1,Zambia,1/3/16 17:10,0
88.89,35,50439,218.8,Object-based,East Deborahhaven,1,Cook Islands,7/17/16 18:55,0
69.58,43,28029,255.07,Object-based,Port Katelynview,0,Congo,4/4/16 18:36,1
85.23,36,64239,212.92,Customer-focused,Paulhaven,1,Senegal,2/27/16 12:34,0
83.55,39,65816,221.18,Support,Elizabethmouth,1,Myanmar,6/8/16 20:13,0
56.66,42,72684,139.42,User-friendly,Lake Jesus,0,Dominican Republic,2/20/16 10:52,1
56.39,27,38817,248.12,Business-focused,North Tylerland,1,Bahrain,3/23/16 21:06,0
76.24,27,63976,214.42,Data warehouse,Munozberg,0,Puerto Rico,6/7/16 1:29,0
57.64,36,37213,110.25,Object-based,North Maryland,1,Chile,1/18/16 15:18,1
78.18,23,52692,167.67,Business-focused,West Barbara,0,Bolivia,6/9/16 19:32,0
46.04,32,65500,147.92,Customer-focused,Andrewborough,0,Serbia,5/30/16 20:07,1
79.4,35,63967,236.87,Support,New Gabriel,0,Malaysia,4/1/16 9:21,0
36.44,39,52401,147.64,Reverse-engineered,Port Patrickton,1,Estonia,5/31/16 6:21,1
53.14,38,49111,109,Configurable,West Julia,1,Greenland,7/3/16 22:13,1
32.84,40,41233,171.72,Multi-channeled,New Keithburgh,0,Trinidad and Tobago,3/10/16 1:36,1
73.72,32,52140,256.4,Multi-channeled,Richardsland,1,Thailand,3/18/16 2:39,0
38.1,34,60641,214.38,Data warehouse,North Aaronchester,1,Philippines,5/30/16 18:08,1
73.93,44,74180,218.22,Data warehouse,Lake Matthewland,0,Niue,2/20/16 0:06,0
51.87,50,51870,119.65,Global intranet,Kevinberg,0,Afghanistan,3/10/16 22:28,1
77.69,22,48853,169.88,Global intranet,Morganfort,1,Angola,6/21/16 14:32,0
43.41,28,59144,160.73,Reverse-engineered,Lovemouth,0,Egypt,2/5/16 15:26,1
55.92,24,33952,145.08,User-friendly,Taylorhaven,0,Fiji,5/31/16 21:41,1
80.67,34,58909,239.76,Data warehouse,Jamesville,0,Portugal,1/1/16 2:52,0
83.42,25,49851,183.42,Global intranet,East Toddfort,1,Austria,3/4/16 14:10,0
82.12,52,28680,201.15,Configurable,East Dana,1,Germany,2/3/16 10:40,1
66.17,33,69870,238.45,Data warehouse,West Lucas,0,Panama,1/20/16 0:26,0
43.01,35,48348,127.37,24/7 Middleware,Butlerfort,0,United States of America,6/11/16 9:37,1
80.05,25,45960,219.94,Object-based,Lindaside,1,Christmas Island,3/8/16 5:48,0
64.88,42,70006,129.8,Reverse-engineered,West Chloeborough,1,Equatorial Guinea,2/14/16 22:23,1
79.82,26,51513,223.28,Support,Jayville,1,Micronesia,7/17/16 22:04,0
48.03,40,25599,134.6,Support,East Lindsey,1,Malta,6/2/16 22:16,1
32.99,45,49283,177.46,Reverse-engineered,Masseyshire,0,Ecuador,4/30/16 19:42,1
74.88,27,67240,175.17,Robust utilization,Sarahton,1,Sudan,4/17/16 6:58,0
36.49,52,42136,196.61,24/7 Middleware,Ryanhaven,1,Lao People's Democratic Republic,3/9/16 0:41,1
88.04,45,62590,191.17,Customer-focused,Lake Deborahburgh,1,Saint Vincent and the Grenadines,3/7/16 20:02,0
45.7,33,67384,151.12,Robust utilization,New Williammouth,1,Switzerland,5/26/16 10:33,1
82.38,35,25604,159.6,Robust utilization,Port Blake,0,Spain,7/18/16 1:36,1
52.68,23,39616,149.2,Multi-channeled,West Richard,1,Turks and Caicos Islands,7/18/16 5:56,1
65.59,47,28266,121.81,Triple-buffered,Brandymouth,0,Indonesia,3/22/16 6:41,1
65.65,25,63880,224.92,Object-based,Sandraville,1,Cook Islands,6/3/16 6:34,0
43.84,36,70593,167.42,Global intranet,Port Jessica,0,Australia,6/28/16 9:19,1
67.69,37,76408,216.57,User-friendly,Lake Jasonchester,0,Finland,7/18/16 18:33,0
78.37,24,55015,207.27,Data warehouse,Pearsonfort,0,Pakistan,1/23/16 4:47,0
81.46,29,51636,231.54,Triple-buffered,Sellerstown,0,Ireland,2/29/16 11:00,0
47.48,31,29359,141.34,Reverse-engineered,Yuton,0,Eritrea,6/30/16 0:19,1
75.15,33,71297,219.49,User-friendly,Smithtown,1,France,6/19/16 18:19,0
78.76,24,46423,219.98,Global intranet,Joanntown,1,Austria,1/8/16 8:08,0
44.96,50,52802,132.71,Cross-platform,South Peter,1,Heard Island and McDonald Islands,1/2/16 12:25,1
39.56,41,59243,143.13,HR encoding,Port Mitchell,1,Western Sahara,5/13/16 11:57,1
39.76,28,35351,196.83,Triple-buffered,Pottermouth,1,Liberia,2/8/16 14:02,1
57.11,22,59678,207.17,User-friendly,Lake Jonathanview,1,Dominican Republic,6/7/16 23:46,0
83.26,40,70226,187.76,Multi-channeled,Alanview,1,Tonga,1/2/16 14:36,0
69.42,25,65791,213.38,Reverse-engineered,Carterport,0,Lao People's Democratic Republic,2/13/16 4:16,0
50.6,30,34191,129.88,24/7 Middleware,New Daniellefort,1,United States of America,5/3/16 12:57,1
46.2,37,51315,119.3,Business-focused,Welchshire,0,Belgium,4/3/16 11:38,1
66.88,35,62791,119.47,Triple-buffered,Russellville,1,Indonesia,3/23/16 19:58,1
83.97,40,66292,158.42,De-engineered,West Lisa,1,Croatia,2/2/16 11:49,0
76.56,30,68030,213.75,Decentralized,Greentown,0,Brunei Darussalam,3/8/16 10:39,0
35.49,48,43974,159.77,Global intranet,Timothyport,0,American Samoa,4/8/16 14:35,1
80.29,31,49457,244.87,Data warehouse,Teresahaven,1,Netherlands Antilles,6/30/16 0:40,0
50.19,40,33987,117.3,Multi-channeled,Lake Stephenborough,0,Thailand,3/25/16 19:02,1
59.12,33,28210,124.54,Configurable,Silvaton,0,Greece,5/12/16 21:32,1
59.88,30,75535,193.63,User-friendly,West Michaelstad,1,French Polynesia,3/2/16 5:11,0
59.7,28,49159,120.25,Configurable,Florestown,0,Guernsey,5/10/16 14:12,1
67.8,30,39810,117.75,Triple-buffered,New Jay,1,Isle of Man,3/3/16 2:59,1
81.59,35,65827,223.16,Cross-platform,North Lisachester,0,Holy See (Vatican City State),7/4/16 11:03,0
81.1,29,61172,216.49,Reverse-engineered,Port Stacy,1,El Salvador,7/8/16 3:47,0
41.7,39,42898,126.95,Object-based,Jensenton,0,China,5/27/16 5:35,1
73.94,27,68333,173.49,Support,North Alexandra,0,Myanmar,2/10/16 13:46,0
58.35,37,70233,132.63,Support,Rivasland,0,Macao,6/12/16 21:21,1
51.56,46,63102,124.85,Global intranet,Helenborough,0,Australia,1/7/16 13:58,1
79.81,37,51847,253.17,24/7 Middleware,Garnerberg,0,United States Virgin Islands,5/13/16 14:12,0
66.17,26,63580,228.7,Support,North Anaport,0,Mexico,5/2/16 0:01,0
58.21,37,47575,105.94,User-friendly,Pattymouth,0,Djibouti,2/7/16 17:06,1
66.12,49,39032,113.8,De-engineered,South Alexisborough,0,Cote d'Ivoire,2/15/16 7:27,1
80.47,42,70505,215.18,Support,East Jennifer,1,Mali,2/21/16 5:23,0
77.05,31,62161,236.64,open system,Hallfort,0,Jamaica,3/20/16 22:27,0
49.99,41,61068,121.07,Multi-channeled,New Charleschester,0,Romania,3/24/16 9:34,1
80.3,58,49091,173.43,Object-based,East Breannafurt,0,Cayman Islands,4/4/16 20:01,1
79.36,33,62331,234.72,Configurable,East Susanland,1,Gambia,1/2/16 4:50,0
57.86,30,18819,166.86,Global intranet,Estesfurt,0,Algeria,7/8/16 17:14,1
70.29,26,62053,231.37,Data warehouse,Shirleyfort,1,Puerto Rico,3/28/16 19:48,0
84.53,33,61922,215.18,Data warehouse,Douglasview,1,Norfolk Island,7/11/16 9:32,0
59.13,44,49525,106.04,Multi-channeled,South Lisa,1,Turkey,6/9/16 17:11,1
81.51,41,53412,250.03,Configurable,Kingshire,0,Guinea,5/19/16 9:30,0
42.94,37,56682,130.4,Support,Rebeccamouth,1,Moldova,4/12/16 12:35,1
84.81,32,43300,233.93,Configurable,Brownbury,1,Greece,7/4/16 23:17,0
82.79,34,47998,132.08,Global intranet,South Aaron,0,American Samoa,2/1/16 0:52,1
59.22,55,39132,126.39,Cross-platform,North Andrew,1,Honduras,1/13/16 2:39,1
35,40,46034,151.25,Support,South Walter,1,Mongolia,6/18/16 16:02,1
46.61,42,65857,136.18,Reverse-engineered,Catherinefort,0,Ethiopia,1/1/16 20:17,1
63.26,29,54787,120.46,Reverse-engineered,East Donna,1,Ethiopia,3/2/16 4:02,1
79.16,32,69562,202.9,Robust utilization,East Timothy,1,Sri Lanka,3/30/16 20:23,0
67.94,43,68447,128.16,Support,North Kimberly,0,Morocco,5/1/16 0:23,1
79.91,32,62772,230.18,24/7 Middleware,South Stephanieport,1,United Arab Emirates,6/17/16 3:02,0
66.14,41,78093,165.27,HR encoding,North Isabellaville,0,Western Sahara,3/23/16 8:52,0
43.65,39,63649,138.87,HR encoding,North Aaronburgh,0,Western Sahara,5/8/16 22:24,1
59.61,21,60638,198.45,Object-based,Port James,1,Cambodia,4/6/16 5:55,0
46.61,52,27241,156.99,Data warehouse,Danielview,0,New Zealand,4/5/16 5:54,1
89.37,34,42760,162.03,Global intranet,Port Stacey,1,Australia,4/18/16 12:26,0
65.1,49,59458,118.1,Decentralized,West Kevinfurt,1,Bulgaria,6/1/16 3:44,1
53.44,42,42908,108.17,Triple-buffered,Lake Jennifer,1,Libyan Arab Jamahiriya,4/4/16 22:00,1
79.53,51,46132,244.91,Business-focused,Reyesfurt,0,Barbados,6/26/16 4:22,0
91.43,39,46964,209.91,User-friendly,West Carmenfurt,1,French Polynesia,7/7/16 3:55,0
73.57,30,70377,212.38,24/7 Middleware,North Stephanieberg,0,Uruguay,3/20/16 8:22,0
78.76,32,70013,208.02,24/7 Middleware,East Valerie,1,Uruguay,4/20/16 10:04,0
76.49,23,56457,181.11,Decentralized,Sherrishire,0,Brazil,3/25/16 5:05,0
61.72,26,67279,218.49,HR encoding,Port Daniel,0,Venezuela,2/14/16 7:15,0
84.53,35,54774,236.29,Support,Brownview,0,Myanmar,3/26/16 0:32,0
72.03,34,70784,230.95,Support,Greerton,1,Malta,7/5/16 22:33,0
77.47,36,70511,222.91,open system,Hatfieldshire,1,Jamaica,3/14/16 3:29,0
75.65,39,64022,247.9,Business-focused,Brianabury,1,Bahrain,5/30/16 2:34,0
78.15,33,72043,194.37,Global intranet,New Maria,0,Algeria,3/7/16 22:32,0
63.8,38,36037,108.7,Multi-channeled,Colebury,1,Tuvalu,3/19/16 0:27,1
76.59,29,67527,211.64,Configurable,Calebberg,0,Georgia,6/18/16 5:17,0
42.6,55,55122,168.29,Object-based,Lake Ian,0,Cambodia,7/11/16 18:12,1
78.77,28,63498,211.83,Configurable,Gomezport,0,Guam,1/1/16 8:27,0
83.4,39,60879,235.01,Multi-channeled,Shaneland,0,Tanzania,4/7/16 1:57,0
79.53,33,61467,236.72,Triple-buffered,East Aaron,0,Indonesia,2/28/16 22:02,0
73.89,35,70496,229.99,Customer-focused,Dustinborough,1,Somalia,6/26/16 17:25,0
75.8,36,71222,224.9,Business-focused,East Michaelland,0,Belize,1/21/16 4:30,0
81.95,31,64699,208.76,Customer-focused,East Connie,1,Serbia,5/1/16 21:46,0
56.39,58,32252,154.23,Global intranet,West Shannon,0,Australia,2/14/16 10:06,1
44.73,35,55317,127.56,Configurable,North Lauraland,1,Guam,1/27/16 18:25,1
38.35,33,47448,145.48,Object-based,Port Christopher,1,Christmas Island,6/18/16 20:24,1
72.53,37,73475,223.93,Data warehouse,South Patrickfort,0,Papua New Guinea,7/21/16 10:01,0
56.2,49,53550,114.85,Business-focused,East Georgeside,1,Bahamas,4/21/16 18:31,1
79.67,28,58576,226.79,Object-based,Charlesbury,0,Comoros,7/20/16 1:56,0
75.42,26,63374,164.25,HR encoding,Millertown,1,Western Sahara,2/26/16 17:14,0
78.64,31,60283,235.28,Data warehouse,South Renee,1,Nicaragua,1/18/16 17:56,0
67.69,44,37345,109.22,Configurable,South Jackieberg,0,Guam,4/1/16 1:57,1
38.35,41,34886,144.69,HR encoding,Loriville,1,Vanuatu,6/24/16 8:42,1
59.52,44,67512,251.08,Business-focused,Amandaland,1,Bolivia,5/27/16 18:45,0
62.26,37,77989,166.19,Support,West Robertside,0,Malawi,5/26/16 15:40,0
64.75,36,63001,117.66,HR encoding,North Sarashire,0,Venezuela,4/6/16 1:19,1
79.97,26,61748,185.45,Data warehouse,Port Maria,1,Nepal,1/8/16 19:38,0
47.9,42,48468,114.53,24/7 Middleware,East Jessefort,0,United Kingdom,2/24/16 19:08,1
80.38,30,55131,238.06,Global intranet,Port Anthony,0,Albania,3/10/16 7:07,0
64.51,42,79485,190.71,Support,Edwardmouth,1,Madagascar,4/29/16 7:49,0
71.28,37,67307,246.72,Configurable,Dustinchester,1,Guyana,4/10/16 16:08,0
50.32,40,27965,125.65,HR encoding,Rochabury,0,Yemen,4/27/16 18:25,1
72.76,33,66432,240.63,Triple-buffered,Williamsport,1,India,5/10/16 4:28,0
72.8,35,63552,249.54,Data warehouse,Austinland,0,Puerto Rico,1/3/16 23:21,0
74.59,23,40135,158.35,24/7 Middleware,Lake Gerald,1,United States Virgin Islands,2/15/16 16:52,1
46.66,45,49102,118.16,Global intranet,Wrightview,0,Antigua and Barbuda,3/9/16 2:07,1
48.86,54,53189,134.46,User-friendly,Perryburgh,0,French Guiana,1/9/16 17:33,1
37.05,39,49743,142.81,Global intranet,Tracyhaven,1,Antigua and Barbuda,2/3/16 5:47,1
81.21,36,63394,233.04,Multi-channeled,South Jaimeview,0,Turkmenistan,1/2/16 9:30,0
66.89,23,64434,208.24,Cross-platform,Sandersland,1,Honduras,1/4/16 7:28,0
68.11,38,73884,231.21,Customer-focused,South Meredithmouth,0,Seychelles,1/7/16 21:21,0
69.15,46,36425,112.72,De-engineered,Richardsonshire,0,Cyprus,7/24/16 0:22,1
65.72,36,28275,120.12,Customer-focused,Kimberlymouth,0,Saint Pierre and Miquelon,2/13/16 13:57,1
40.04,27,48099,161.58,Data warehouse,Meghanchester,0,Poland,5/8/16 10:25,1
68.6,33,68449,135.08,Multi-channeled,Tammyshire,0,Taiwan,2/17/16 18:50,1
56.16,25,66430,164.25,De-engineered,Millerbury,1,Cote d'Ivoire,1/22/16 19:43,1
78.6,46,41768,254.59,Support,Lake Elizabethside,1,Micronesia,7/20/16 13:21,0
78.29,38,57845,252.07,Triple-buffered,Villanuevaton,0,Liberia,1/5/16 20:58,0
43.83,45,35685,129.01,Customer-focused,Greerport,0,Saudi Arabia,1/29/16 5:39,1
77.31,32,62792,238.1,Data warehouse,North Garyhaven,0,Nepal,6/17/16 20:18,0
39.86,28,51171,161.24,Configurable,East Sharon,0,Ghana,2/23/16 13:55,1
66.77,25,58847,141.13,Triple-buffered,Johnstonmouth,0,Iran,7/9/16 11:18,1
57.2,42,57739,110.66,Data warehouse,East Heatherside,0,New Zealand,3/19/16 11:09,1
73.15,25,64631,211.12,Triple-buffered,Lake Patrick,1,Libyan Arab Jamahiriya,1/29/16 7:14,0
82.07,24,50338,193.97,Robust utilization,Richardsonmouth,0,Sri Lanka,6/14/16 7:02,0
49.84,38,67781,135.24,24/7 Middleware,Jenniferhaven,1,United Arab Emirates,5/18/16 3:19,1
43.97,36,68864,156.97,Triple-buffered,Boyerberg,1,Indonesia,1/30/16 9:54,1
77.25,27,55901,231.38,Customer-focused,Port Elijah,1,Saint Vincent and the Grenadines,4/25/16 16:58,0
74.84,37,64775,246.44,Support,Knappburgh,1,Mongolia,1/14/16 16:30,0
83.53,36,67686,204.56,Cross-platform,New Dawnland,0,Honduras,7/6/16 5:34,0
38.63,48,57777,222.11,Data warehouse,Chapmanmouth,0,Papua New Guinea,4/7/16 10:51,1
84,48,46869,136.21,open system,Robertside,1,Kyrgyz Republic,4/17/16 5:08,1
52.13,50,40927,118.27,Reverse-engineered,West Raymondmouth,1,Ethiopia,1/28/16 17:03,1
71.83,40,22206,135.48,Multi-channeled,Costaburgh,1,Rwanda,2/18/16 22:42,1
78.36,24,58920,196.77,open system,Kristineberg,1,Kyrgyz Republic,6/24/16 21:09,0
50.18,35,63006,127.82,Configurable,Sandrashire,1,Grenada,6/20/16 4:24,1
64.67,51,24317,138.35,Multi-channeled,Andersonfurt,1,Togo,2/14/16 16:33,1
69.5,26,68349,203.84,Data warehouse,Tranland,0,Pakistan,2/27/16 13:51,0
65.22,30,66263,240.09,User-friendly,Michaelland,1,Falkland Islands (Malvinas),5/7/16 15:16,0
62.06,40,63494,116.27,open system,East Rachaelfurt,1,Jersey,3/18/16 20:10,1
84.29,30,56984,160.33,Object-based,Lake Johnbury,1,Cayman Islands,6/26/16 2:06,1
32.91,37,51692,181.02,Robust utilization,Elizabethstad,0,South Africa,7/17/16 14:26,1
39.5,31,49911,148.19,Support,West Brad,1,Micronesia,1/28/16 16:42,1
75.19,31,33503,245.76,Multi-channeled,Johnstonshire,1,Tajikistan,6/18/16 18:04,0
76.21,31,65835,228.94,Business-focused,Lake Timothy,1,Bolivia,6/19/16 23:21,0
67.76,31,66177,242.59,Object-based,Anthonyfurt,0,Cameroon,5/24/16 17:42,0
40.01,53,51463,161.77,Reverse-engineered,East Brettton,0,Ecuador,3/1/16 22:06,1
52.7,41,41060,109.34,HR encoding,New Matthew,1,Zambia,1/31/16 8:50,1
68.41,38,61428,259.76,Configurable,Christopherchester,0,Guinea-Bissau,4/30/16 15:27,0
35.55,39,51593,151.18,Support,Westshire,0,Micronesia,1/13/16 20:38,1
74.54,24,57519,219.75,Business-focused,Alexisland,0,Bahamas,3/30/16 16:15,0
81.75,24,52656,190.08,Object-based,Kevinchester,1,Cape Verde,4/29/16 18:53,0
87.85,31,52179,210.27,User-friendly,New Patriciashire,1,French Polynesia,6/14/16 19:48,0
60.23,60,46239,151.54,Customer-focused,Port Brenda,1,Saudi Arabia,7/15/16 15:43,1
87.97,35,48919,149.25,User-friendly,Port Brianfort,1,France,3/24/16 5:38,0
78.17,27,65228,192.27,Decentralized,Portermouth,1,Burundi,4/26/16 20:57,0
67.91,23,55002,146.8,Triple-buffered,Hubbardmouth,1,Latvia,1/12/16 3:28,1
85.77,27,52262,191.78,Support,South Brian,1,Morocco,4/9/16 23:26,0
41.16,49,59448,150.83,HR encoding,Hendrixmouth,1,Venezuela,3/28/16 9:15,1
53.54,39,47314,108.03,Data warehouse,Julietown,0,Palau,6/23/16 11:05,1
73.94,26,55411,236.15,Triple-buffered,Lukeport,1,Isle of Man,1/24/16 1:53,0
63.43,29,66504,236.75,Data warehouse,New Shane,1,Peru,4/15/16 10:18,0
84.59,36,47169,241.8,Business-focused,Lake Jillville,1,Belgium,4/26/16 13:13,0
70.13,31,70890,224.98,De-engineered,Johnsonfort,0,Croatia,5/18/16 23:21,0
40.19,37,55359,136.99,User-friendly,Adamsbury,0,France,1/18/16 2:51,1
58.95,55,56243,131.29,Customer-focused,East Maureen,1,Slovenia,6/20/16 8:34,1
35.76,51,45522,195.07,Data warehouse,North Angelastad,0,Peru,7/18/16 4:53,1
59.36,49,46931,110.84,Business-focused,Amandafort,0,Belarus,7/1/16 1:12,1
91.1,40,55500,198.13,Business-focused,Michaelmouth,1,Bolivia,3/7/16 22:51,0
61.04,41,75805,149.21,Business-focused,Ronaldport,0,Benin,5/2/16 15:31,1
74.06,23,40345,225.99,HR encoding,Port Davidland,0,Wallis and Futuna,7/23/16 6:18,0
64.63,45,15598,158.8,Global intranet,Isaacborough,1,Azerbaijan,6/12/16 3:11,1
81.29,28,33239,219.72,GU Interface,Lake Michael,0,Mongolia,2/15/16 20:41,0
76.07,36,68034,235.56,User-friendly,West Michaelshire,0,Denmark,1/23/16 1:42,0
75.92,22,38428,182.65,Multi-channeled,Port Calvintown,0,Russian Federation,2/26/16 1:18,0
78.35,46,53185,253.48,Decentralized,Parkerhaven,0,Brazil,1/11/16 2:07,0
46.14,28,39724,137.97,Reverse-engineered,Markhaven,1,Ethiopia,4/4/16 13:56,1
44.33,41,43386,120.63,Configurable,Estradashire,0,Guyana,1/14/16 9:27,1
46.43,28,53922,137.2,Reverse-engineered,Brianland,1,Ethiopia,4/25/16 3:18,1
66.04,27,71882,199.76,GU Interface,Cassandratown,0,Mauritius,3/5/16 23:02,0
84.31,29,47139,225.87,User-friendly,West Dannyberg,0,Djibouti,1/6/16 21:43,0
83.66,38,68877,175.14,Robust utilization,East Debraborough,0,Syrian Arab Republic,2/18/16 3:58,0
81.25,33,65187,222.35,Customer-focused,Frankchester,1,Saint Martin,4/18/16 14:15,0
85.26,32,55424,224.07,Data warehouse,Lisafort,1,Netherlands Antilles,2/24/16 6:18,0
86.53,46,46500,233.36,Configurable,Colemanshire,0,Greece,6/29/16 1:19,0
76.44,26,58820,224.2,GU Interface,Troyville,1,Madagascar,1/5/16 6:34,0
52.84,43,28495,122.31,Customer-focused,Hobbsbury,0,Senegal,7/18/16 10:14,1
85.24,31,61840,182.84,Decentralized,Harrisonmouth,1,Burkina Faso,6/17/16 3:23,0
74.71,46,37908,258.06,De-engineered,Port Eugeneport,1,Czech Republic,6/13/16 11:06,0
82.95,39,69806,201.29,Cross-platform,Karenmouth,0,Lao People's Democratic Republic,4/5/16 8:18,0
76.42,26,60315,223.16,Data warehouse,Brendaburgh,1,Netherlands Antilles,4/17/16 18:38,0
42.04,49,67323,182.11,Multi-channeled,New Christinatown,0,Qatar,2/3/16 16:54,1
46.28,26,50055,228.78,Global intranet,Jacksonstad,1,Andorra,4/18/16 21:07,1
48.26,50,43574,122.45,Triple-buffered,South Margaret,1,Liechtenstein,6/18/16 22:31,1
71.03,55,28187,150.77,Object-based,Port Georgebury,0,China,3/12/16 7:18,1
81.37,33,66412,215.04,HR encoding,New Jessicaport,0,Vietnam,1/15/16 1:20,0
58.05,32,15879,195.54,Multi-channeled,Sanderstown,1,Tajikistan,2/12/16 10:39,1
75,29,63965,230.36,Reverse-engineered,Perezland,1,Eritrea,2/18/16 2:29,0
79.61,31,58343,235.97,GU Interface,Luisfurt,0,Monaco,4/4/16 21:23,0
52.56,31,33147,250.36,Triple-buffered,New Karenberg,1,Israel,4/24/16 1:48,1
62.18,33,65900,126.44,Cross-platform,West Leahton,0,Hungary,5/20/16 0:00,1
77.89,26,64189,201.54,Customer-focused,West Sharon,0,Singapore,5/15/16 3:10,0
66.08,61,58966,184.23,De-engineered,Klineside,1,Cuba,1/7/16 23:02,1
89.21,33,44078,210.53,Multi-channeled,Lake Cynthia,0,Reunion,7/19/16 12:05,0
49.96,55,60969,151.94,HR encoding,South Cynthiashire,1,Zambia,4/4/16 0:02,1
77.44,28,65620,210.39,Configurable,Lake Jacob,0,Gabon,6/10/16 4:21,0
82.58,38,65497,225.23,User-friendly,West Samantha,1,Dominica,3/11/16 14:50,0
39.36,29,52462,161.79,Business-focused,Jeremybury,1,Bahamas,1/14/16 20:58,1
47.23,38,70583,149.8,Multi-channeled,Blevinstown,1,Tokelau,6/22/16 5:22,1
87.85,34,51816,153.01,Multi-channeled,Meyerchester,0,Turkmenistan,3/19/16 8:00,0
65.57,46,23411,130.86,Business-focused,Reginamouth,0,Belgium,4/15/16 15:07,1
78.01,26,62729,200.71,User-friendly,Donaldshire,1,French Guiana,3/28/16 2:29,0
44.15,28,48868,141.96,GU Interface,Salazarbury,1,Martinique,1/22/16 15:03,1
43.57,36,50972,125.2,User-friendly,Lake Joshuafurt,1,French Polynesia,6/25/16 17:33,1
76.83,28,67991,192.81,Reverse-engineered,Wintersfort,0,Ecuador,3/4/16 14:33,0
42.06,34,43241,131.55,Data warehouse,Jamesmouth,0,Puerto Rico,6/29/16 2:48,1
76.27,27,60083,226.69,24/7 Middleware,Laurieside,1,United Arab Emirates,6/18/16 1:42,0
74.27,37,65181,247.05,Decentralized,Andrewmouth,1,Burkina Faso,1/31/16 9:57,0
73.27,28,67301,216.24,Triple-buffered,West Angela,1,Luxembourg,5/22/16 15:17,0
74.58,36,70701,230.52,open system,East Carlos,0,Jamaica,7/22/16 11:05,0
77.5,28,60998,225.34,Global intranet,Kennedyfurt,1,Antarctica (the territory South of 60 deg S),7/13/16 14:05,0
87.16,33,60806,197.15,Object-based,Blairville,0,China,2/11/16 11:50,0
87.16,37,50712,231.95,HR encoding,East Donnatown,1,Western Sahara,3/18/16 20:33,0
66.26,47,14548,179.04,Triple-buffered,Matthewtown,1,Lebanon,4/25/16 19:31,1
65.15,29,41336,117.3,Cross-platform,Brandonbury,0,Hong Kong,7/14/16 22:43,1
68.25,33,76480,198.86,HR encoding,New Jamestown,1,Vanuatu,5/30/16 8:02,0
73.49,38,67132,244.23,HR encoding,Mosleyburgh,0,Vanuatu,2/14/16 11:36,0
39.19,54,52581,173.05,Configurable,Leahside,0,Guatemala,1/23/16 21:15,1
80.15,25,55196,214.49,Configurable,West Wendyland,0,Greenland,7/18/16 2:51,0
86.76,28,48680,189.91,Robust utilization,Lawrenceborough,0,Syrian Arab Republic,2/10/16 8:21,0
73.88,29,63110,233.61,Customer-focused,Kennethview,0,Saint Helena,1/4/16 6:37,0
58.6,19,44490,197.93,Triple-buffered,West Mariafort,1,Lebanon,6/5/16 21:38,0
69.77,54,57668,132.27,GU Interface,Port Sherrystad,0,Malta,6/1/16 3:17,1
87.27,30,51824,204.27,Object-based,West Melissashire,1,Christmas Island,3/6/16 6:51,1
77.65,28,66199,208.01,24/7 Middleware,Pamelamouth,0,Ukraine,2/26/16 19:35,0
76.02,40,73174,219.55,GU Interface,Lesliefort,0,Malta,7/13/16 14:30,0
78.84,26,56594,217.66,Triple-buffered,Shawnside,1,Italy,6/29/16 7:20,0
71.33,23,31072,169.4,open system,Josephmouth,0,Japan,3/15/16 6:54,1
81.9,41,66774,225.47,GU Interface,Garciatown,0,Mauritius,6/11/16 6:47,0
46.89,48,72554,176.78,Multi-channeled,Chaseshire,1,Turkey,7/17/16 13:22,1
77.8,57,43709,152.94,Data warehouse,Destinyfurt,0,Namibia,2/14/16 14:38,1
45.44,43,48454,119.27,Object-based,Mezaton,0,China,5/4/16 5:01,1
69.96,31,73414,214.06,Data warehouse,New Kayla,1,Netherlands,5/20/16 12:17,0
87.35,35,58114,158.29,Configurable,Carsonshire,1,Gibraltar,1/26/16 2:47,0
49.42,53,45465,128,Object-based,Jacquelineshire,1,Congo,7/7/16 18:07,1
71.27,21,50148,216.03,Customer-focused,South Blakestad,1,Senegal,1/11/16 12:46,0
49.19,38,61005,123.08,Cross-platform,North Mark,0,Hungary,5/12/16 12:11,1
39.96,35,53899,138.52,Data warehouse,Kingchester,1,Pitcairn Islands,2/28/16 23:21,1
85.01,29,59798,192.5,Customer-focused,Evansfurt,0,Slovakia (Slovak Republic),5/3/16 16:02,0
68.95,51,74623,185.85,24/7 Middleware,South Adamhaven,1,United States Virgin Islands,3/15/16 20:19,0
67.59,45,58678,113.69,GU Interface,Brittanyborough,0,Monaco,7/23/16 5:21,1
75.71,34,62110,246.06,Data warehouse,Barbershire,0,Portugal,3/11/16 10:01,0
43.07,36,60583,137.63,Multi-channeled,East Ericport,1,Turkey,2/11/16 20:45,1
39.47,43,65576,163.48,24/7 Middleware,Crawfordfurt,1,Uganda,7/6/16 23:09,1
48.22,40,73883,214.33,Data warehouse,Turnerville,0,Norfolk Island,3/22/16 19:14,0
76.76,25,50468,230.77,Data warehouse,Kylieview,1,Niue,5/26/16 13:28,0
78.74,27,51409,234.75,24/7 Middleware,West Zacharyborough,0,Ukraine,6/18/16 19:10,0
67.47,24,60514,225.05,HR encoding,Watsonfort,1,Vanuatu,3/20/16 7:12,0
81.17,30,57196,231.91,24/7 Middleware,Dayton,1,United States Minor Outlying Islands,6/3/16 7:00,0
89.66,34,52803,171.23,Global intranet,Nicholasport,1,Armenia,2/3/16 15:15,0
79.6,28,56570,227.37,Robust utilization,Whitneyfort,1,Sweden,5/3/16 16:55,0
65.53,19,51049,190.17,Multi-channeled,Coffeytown,1,Timor-Leste,6/20/16 2:25,0
61.87,35,66630,250.2,User-friendly,North Johnside,1,French Southern Territories,7/10/16 19:15,0
83.16,41,70185,194.95,User-friendly,Robinsonland,0,Finland,1/4/16 4:00,0
44.11,41,43111,121.24,Customer-focused,Lake David,1,Saint Vincent and the Grenadines,4/20/16 16:49,1
56.57,26,56436,131.98,Customer-focused,West Ericaport,0,Senegal,1/23/16 13:14,1
83.91,29,53224,222.87,Decentralized,Haleberg,0,Burundi,1/4/16 22:27,0
79.8,28,57180,229.88,Business-focused,West Michaelport,1,Bahamas,4/8/16 22:40,0
71.23,52,41521,122.59,Robust utilization,Ericksonmouth,0,Sweden,1/5/16 11:53,1
47.23,43,73538,210.87,Robust utilization,Yangside,1,Svalbard & Jan Mayen Islands,3/17/16 22:24,1
82.37,30,63664,207.44,Multi-channeled,Estradafurt,0,Tonga,6/29/16 4:23,0
43.63,38,61757,135.25,open system,Frankport,1,Korea,5/25/16 19:45,1
70.9,28,71728,190.95,open system,Port Juan,0,Kyrgyz Republic,6/17/16 23:19,0
71.9,29,72204,193.29,De-engineered,Williamsside,1,Costa Rica,4/24/16 7:20,0
62.12,37,50672,105.86,Triple-buffered,Johnsonview,1,Liechtenstein,3/18/16 13:00,1
67.35,29,47510,118.69,HR encoding,East Heidi,0,Zimbabwe,4/28/16 21:58,1
57.99,50,62466,124.58,De-engineered,New Angelview,0,Costa Rica,2/12/16 8:46,1
66.8,29,59683,248.51,Cross-platform,Lake Brandonview,0,Hungary,7/11/16 13:23,1
49.13,32,41097,120.49,User-friendly,Morganport,0,Fiji,1/29/16 0:45,1
45.11,58,39800,195.69,Data warehouse,Browntown,0,Netherlands,1/5/16 16:26,1
54.35,42,76984,164.02,Robust utilization,Lake Hailey,0,Sweden,6/20/16 8:22,0
61.82,59,57877,151.93,Business-focused,Olsonside,1,Barbados,2/6/16 17:48,1
77.75,31,59048,240.64,Data warehouse,Coxhaven,1,Paraguay,6/22/16 17:19,0
70.61,28,72155,190.12,Triple-buffered,Meaganfort,0,Italy,4/18/16 5:24,0
82.72,31,65705,179.82,Business-focused,North Monicaville,0,Belarus,1/17/16 5:07,0
76.87,36,72949,212.59,Robust utilization,Mullenside,0,South Georgia and the South Sandwich Islands,7/8/16 22:30,0
65.07,34,73942,227.53,Global intranet,Princebury,1,Anguilla,3/11/16 0:05,0
56.93,37,57888,111.8,Customer-focused,Bradleyside,0,Sierra Leone,6/10/16 0:35,1
48.86,35,62464,128.37,Customer-focused,Elizabethbury,1,Saint Martin,1/4/16 0:44,1
36.56,29,42838,195.89,24/7 Middleware,West Ryan,0,Uganda,1/1/16 15:14,1
85.73,32,43779,147.75,Customer-focused,New Tammy,1,Saudi Arabia,7/10/16 17:24,1
75.81,40,71157,229.19,Configurable,Sanchezland,0,Greenland,3/27/16 19:50,0
72.94,31,74160,190.84,HR encoding,Rogerland,0,Venezuela,4/29/16 13:38,0
53.63,54,50334,126.29,Triple-buffered,Vanessaview,1,Liberia,1/8/16 18:13,1
52.35,25,33294,147.61,GU Interface,Jessicashire,1,Mali,6/5/16 7:54,1
52.84,51,38641,121.57,Business-focused,Melissachester,1,Bosnia and Herzegovina,6/29/16 10:50,1
51.58,33,49823,115.91,Decentralized,Johnsontown,0,Brunei Darussalam,4/24/16 13:46,1
42.32,29,63891,187.09,Robust utilization,New Joshuaport,1,South Georgia and the South Sandwich Islands,2/14/16 4:14,1
55.04,42,43882,106.96,De-engineered,Hernandezside,1,Czech Republic,6/15/16 5:43,1
68.58,41,13997,171.54,Reverse-engineered,New Williamville,1,El Salvador,7/6/16 12:04,1
85.54,27,48761,175.43,Multi-channeled,Gilbertville,1,Tokelau,3/31/16 13:54,0
71.14,30,69758,224.82,User-friendly,Newmanberg,0,France,6/21/16 0:52,0
64.38,19,52530,180.47,Configurable,West Alice,1,Gabon,5/27/16 5:23,0
88.85,40,58363,213.96,Decentralized,Cannonbury,0,Bulgaria,1/17/16 18:45,0
66.79,60,60576,198.3,Decentralized,Shelbyport,1,Burkina Faso,4/7/16 20:34,1
32.6,45,48206,185.47,GU Interface,New Henry,0,Mayotte,5/2/16 18:37,1
43.88,54,31523,166.85,Customer-focused,Dustinmouth,1,Somalia,6/4/16 17:24,1
56.46,26,66188,151.63,Global intranet,South Lisa,0,Albania,4/7/16 18:52,1
72.18,30,69438,225.02,Business-focused,Lisamouth,0,Bolivia,6/10/16 22:21,0
52.67,44,14776,191.26,open system,New Hollyberg,0,Jersey,5/19/16 6:37,1
80.55,35,68017,219.91,Decentralized,Port Brittanyville,0,British Virgin Islands,3/28/16 23:01,0
67.85,41,78521,202.7,Customer-focused,East Ronald,1,Saint Helena,1/21/16 22:51,1
75.55,36,31999,123.71,Business-focused,South Davidmouth,1,Bosnia and Herzegovina,3/12/16 6:05,1
80.46,29,56909,230.78,Triple-buffered,Carterton,0,India,6/4/16 9:13,0
82.69,29,61161,167.41,Configurable,Rachelhaven,1,Georgia,5/24/16 10:16,0
35.21,39,52340,154,24/7 Middleware,New Timothy,1,United States Minor Outlying Islands,3/25/16 6:36,1
36.37,40,47339,144.53,open system,North Jessicaville,1,Kiribati,4/22/16 0:28,1
74.07,22,50950,165.43,Configurable,Joneston,1,Ghana,3/22/16 4:13,0
59.96,33,77144,197.66,Customer-focused,Staceyfort,0,Samoa,1/14/16 8:27,1
85.62,29,57032,195.68,Triple-buffered,South Dianeshire,0,Iran,4/14/16 21:37,0
40.88,33,48554,136.18,De-engineered,West Shannon,1,Costa Rica,5/31/16 17:50,1
36.98,31,39552,167.87,Data warehouse,Micheletown,1,Northern Mariana Islands,3/17/16 6:25,1
35.49,47,36884,170.04,Triple-buffered,North Brittanyburgh,0,Liechtenstein,4/13/16 7:07,1
56.56,26,68783,204.47,Configurable,Port Jasmine,1,Grenada,2/3/16 22:11,0
36.62,32,51120,162.44,Data warehouse,New Sabrina,1,Poland,2/2/16 19:59,1
49.35,49,44304,119.86,open system,Lake Charlottestad,0,Kenya,4/7/16 20:38,1
75.64,29,69718,204.82,Triple-buffered,West Rhondamouth,1,Iran,3/15/16 19:35,0
79.22,27,63429,198.79,Business-focused,North Debra,1,Belgium,3/11/16 12:39,0
77.05,34,65756,236.08,Data warehouse,Villanuevastad,0,Namibia,5/17/16 18:06,0
66.83,46,77872,196.17,De-engineered,North Jeremyport,1,Cyprus,2/28/16 23:10,0
76.2,24,47259,228.81,open system,Lake Susan,1,Japan,3/2/16 6:35,0
56.64,29,55985,123.24,HR encoding,Lake John,1,Zimbabwe,2/27/16 8:52,1
53.33,34,44275,111.63,Global intranet,Courtneyfort,1,Andorra,3/14/16 4:34,1
50.63,50,25767,142.23,Triple-buffered,Tammymouth,0,Luxembourg,3/10/16 15:07,1
41.84,49,37605,139.32,De-engineered,Lake Vanessa,0,Cyprus,5/1/16 8:27,1
53.92,41,25739,125.46,Multi-channeled,Lake Amanda,1,Turkey,6/12/16 11:17,1
83.89,28,60188,180.88,Cross-platform,Mariemouth,1,Hong Kong,5/28/16 12:20,0
55.32,43,67682,127.65,Data warehouse,Port Douglasborough,0,Netherlands,3/18/16 9:08,1
53.22,44,44307,108.85,24/7 Middleware,Port Aprilville,0,United States Virgin Islands,5/26/16 6:03,1
43.16,35,25372,156.11,GU Interface,Williamsport,1,Marshall Islands,7/6/16 3:40,1
67.51,43,23943,127.2,HR encoding,Lake Faith,0,Western Sahara,4/29/16 14:10,1
43.16,29,50667,143.04,Customer-focused,Wendyville,1,Saint Vincent and the Grenadines,3/5/16 20:53,1
79.89,30,50356,241.38,24/7 Middleware,Angelhaven,1,United States of America,5/30/16 8:35,0
84.25,32,63937,170.9,Global intranet,New Sean,1,Angola,4/10/16 6:32,0
74.18,28,69874,203.87,Object-based,Lake Lisa,0,Cayman Islands,1/20/16 2:31,0
85.78,34,50039,232.78,Robust utilization,Valerieland,0,Swaziland,7/20/16 21:53,0
80.96,39,67867,225,HR encoding,New Travis,1,Wallis and Futuna,1/17/16 4:12,0
36.91,48,54645,159.69,HR encoding,North Samantha,0,Zimbabwe,2/24/16 7:13,1
54.47,23,46780,141.52,Object-based,Holderville,0,Chad,3/26/16 19:37,1
81.98,34,67432,212.88,Customer-focused,Patrickmouth,0,Saint Martin,6/4/16 9:25,0
79.6,39,73392,194.23,Multi-channeled,Lake Deannaborough,0,Rwanda,4/22/16 7:48,0
57.51,38,47682,105.71,GU Interface,Jeffreymouth,0,Moldova,3/31/16 8:53,1
82.3,31,56736,232.21,Configurable,Davieshaven,0,Gabon,4/18/16 8:36,0
73.21,30,51013,252.6,User-friendly,Lake Jessicaville,1,Denmark,5/12/16 20:57,1
79.09,32,69482,209.72,Robust utilization,Hernandezchester,1,Svalbard & Jan Mayen Islands,5/7/16 21:32,0
68.47,28,67033,226.64,Data warehouse,North Kennethside,0,Poland,6/25/16 0:33,0
83.69,36,68717,192.57,User-friendly,Shelbyport,0,Fiji,3/23/16 5:27,0
83.48,31,59341,222.72,Data warehouse,Williamport,1,Philippines,3/4/16 13:47,0
43.49,45,47968,124.67,HR encoding,Smithside,0,Vietnam,6/14/16 12:08,1
66.69,35,48759,108.27,open system,Vanessastad,0,Jersey,5/11/16 19:13,1
48.46,49,61230,132.38,Triple-buffered,Lisamouth,1,Indonesia,1/21/16 23:33,1
42.51,30,54756,144.77,Data warehouse,Lake Rhondaburgh,1,Palestinian Territory,1/15/16 19:45,1
42.83,34,54325,132.38,Triple-buffered,Cunninghamhaven,1,Latvia,4/23/16 9:42,1
41.46,42,52177,128.98,GU Interface,Robertstown,1,Malta,5/23/16 8:06,1
45.99,33,51163,124.61,Global intranet,South Mark,1,Afghanistan,2/27/16 15:04,1
68.72,27,66862,225.97,Global intranet,New Taylorburgh,0,Austria,2/23/16 17:37,0
63.11,34,63108,254.94,GU Interface,Port Karenfurt,1,Micronesia,3/17/16 22:59,0
49.21,46,49206,115.6,GU Interface,Carterland,0,Mexico,2/28/16 3:34,1
55.77,49,55942,117.33,Object-based,East Shawn,1,Chile,3/15/16 14:33,1
44.13,40,33602,128.48,De-engineered,West Derekmouth,1,Cuba,3/3/16 20:20,1
57.82,46,48867,107.56,Business-focused,Brandiland,1,Belarus,4/6/16 14:16,1
72.46,40,56683,113.53,GU Interface,Cervantesshire,0,Malawi,5/1/16 9:23,1
61.88,45,38261,108.18,Global intranet,North Debrashire,0,Afghanistan,5/30/16 8:02,1
78.24,23,54106,199.29,Triple-buffered,Deannaville,0,Luxembourg,4/4/16 11:39,0
74.61,38,71055,231.28,Robust utilization,East Christopher,1,South Africa,4/6/16 23:10,0
89.18,37,46403,224.01,Data warehouse,Rickymouth,1,Nepal,4/26/16 21:45,0
44.16,42,61691,133.42,Robust utilization,Port Dennis,1,Spain,5/25/16 0:34,1
55.74,37,26131,124.34,Cross-platform,Lake Michelle,1,Hong Kong,2/11/16 16:45,1
88.82,36,58639,169.1,Customer-focused,East Johnport,0,Slovakia (Slovak Republic),1/30/16 0:05,0
70.39,32,47357,261.52,Object-based,Sabrinaview,1,Cayman Islands,7/12/16 10:56,0
59.05,52,50086,118.45,24/7 Middleware,Kristinfurt,1,Uganda,4/23/16 3:46,1
78.58,33,51773,250.11,HR encoding,Chapmanland,1,Vanuatu,4/18/16 10:36,0
35.11,35,47638,158.03,Global intranet,North Jonathan,1,Anguilla,3/11/16 13:07,1
60.39,45,38987,108.25,Robust utilization,Port Christina,1,Switzerland,3/2/16 15:39,1
81.56,26,51363,213.7,HR encoding,Juanport,1,Zimbabwe,7/13/16 21:31,0
75.03,34,35764,255.57,24/7 Middleware,East Mike,0,Uruguay,5/29/16 18:12,1
50.87,24,62940,190.41,Triple-buffered,North Angelatown,0,Liberia,5/10/16 17:13,1
82.8,30,58777,223.2,Reverse-engineered,West Steven,1,Egypt,5/7/16 8:39,0
78.51,25,59106,205.71,Configurable,Riggsstad,1,Greece,1/17/16 13:27,0
37.65,51,50457,161.29,Business-focused,Davidview,1,Bahrain,3/9/16 6:22,1
83.17,43,54252,244.4,Robust utilization,Port Kevinborough,1,Sri Lanka,4/5/16 18:02,0
91.37,45,51920,182.65,open system,Lawsonshire,1,Kazakhstan,4/1/16 7:37,1
68.25,29,70325,220.08,Configurable,Wagnerchester,0,Greenland,2/15/16 16:18,0
81.32,25,52416,165.65,GU Interface,Daisymouth,0,Moldova,3/8/16 5:12,0
76.64,39,66217,241.5,Data warehouse,North Daniel,1,Poland,2/9/16 23:38,0
74.06,50,60939,246.29,Global intranet,Port Jacquelinestad,1,Anguilla,6/17/16 9:38,0
39.53,33,40244,142.21,Object-based,New Teresa,1,Central African Republic,6/1/16 12:27,1
86.58,32,60152,195.93,GU Interface,Henryfort,1,Mexico,2/26/16 23:44,0
90.75,40,45946,216.5,Multi-channeled,Lake Joseph,0,Togo,3/11/16 9:58,0
67.71,25,63430,225.76,Global intranet,Daviesborough,1,Armenia,4/28/16 2:55,0
82.41,36,65883,222.08,Data warehouse,North Brandon,0,Nicaragua,4/12/16 4:22,0
45.82,27,64411,171.24,Reverse-engineered,Adamside,1,Eritrea,2/10/16 20:43,1
76.79,27,55677,235.94,Object-based,Wademouth,0,Canada,5/1/16 23:21,0
70.05,33,75561,203.44,De-engineered,North Raymond,0,Croatia,3/24/16 17:48,0
72.19,32,61068,250.32,Robust utilization,Randolphport,1,Switzerland,4/22/16 19:45,0
77.35,34,72331,167.26,HR encoding,East Troyhaven,0,Yemen,3/9/16 12:10,0
40.34,29,32550,173.75,Multi-channeled,Clarkborough,0,Tokelau,3/30/16 5:29,1
67.39,44,51257,107.19,Global intranet,Josephberg,0,Armenia,1/24/16 13:41,1
68.68,34,77220,187.03,Reverse-engineered,Lake Jenniferton,1,Equatorial Guinea,7/15/16 9:42,0
81.75,43,52521,249.45,Business-focused,Lake Jose,0,Barbados,6/7/16 5:41,0
66.03,22,59422,217.37,Global intranet,Ashleymouth,0,American Samoa,5/31/16 23:32,0
47.74,33,22456,154.93,Customer-focused,Henryland,1,Saint Lucia,5/14/16 14:49,1
79.18,31,58444,236.96,Global intranet,Lake Danielle,0,Algeria,1/10/16 20:18,0
86.81,29,50821,199.62,Multi-channeled,Joshuaburgh,1,Turkmenistan,2/21/16 16:57,0
41.53,42,67575,158.81,GU Interface,South Jeanneport,0,Mayotte,5/23/16 0:32,1
70.92,39,66523,249.81,Robust utilization,New Nathan,1,South Africa,7/21/16 20:30,0
46.84,45,34904,123.22,GU Interface,Jonesshire,0,Macao,5/15/16 18:44,1
44.4,53,43074,140.95,User-friendly,Mariahview,1,France,6/30/16 0:43,1
52.17,44,57595,115.37,Reverse-engineered,New Julianberg,1,Equatorial Guinea,2/24/16 6:17,1
81.45,31,66027,205.84,GU Interface,Randyshire,1,Mali,5/30/16 21:22,0
54.08,36,53013,111.02,GU Interface,Philipberg,1,Mayotte,6/2/16 4:14,1
76.65,31,61118,238.43,Data warehouse,West Dennis,0,Pakistan,4/18/16 7:00,0
54.39,20,52563,171.9,Configurable,Richardshire,1,Guadeloupe,2/29/16 18:06,1
37.74,40,65773,190.95,User-friendly,Lake James,0,Denmark,5/27/16 12:45,1
69.86,25,50506,241.36,Data warehouse,Austinborough,0,New Zealand,1/12/16 21:17,0
85.37,36,66263,194.56,Data warehouse,Alexandrafort,1,Netherlands Antilles,1/27/16 17:08,0
80.99,26,35522,207.53,Business-focused,Melissastad,1,Belarus,6/10/16 3:56,0
78.84,32,62431,235.29,Multi-channeled,Gonzalezburgh,1,Taiwan,4/9/16 9:26,0
77.36,41,49597,115.79,Reverse-engineered,Port Jennifer,0,El Salvador,2/26/16 6:00,1
55.46,37,42079,108.1,Multi-channeled,Chrismouth,0,Taiwan,2/21/16 23:07,1
35.66,45,46198,151.72,Data warehouse,Port Beth,0,Peru,4/29/16 14:08,1
50.78,51,49957,122.04,Triple-buffered,West David,0,Liberia,2/11/16 17:02,1
40.47,38,24079,203.9,Decentralized,Fraziershire,0,Burundi,7/22/16 7:44,1
45.62,43,53648,121.28,GU Interface,Robertfurt,0,Macao,6/26/16 2:34,1
84.76,30,61039,178.69,HR encoding,South Pamela,0,Venezuela,5/14/16 23:08,0
80.64,26,46974,221.59,Triple-buffered,North Laurenview,0,Luxembourg,5/24/16 10:04,0
75.94,27,53043,236.96,Triple-buffered,Campbellstad,1,Italy,2/18/16 12:05,0
37.01,50,48826,216.01,Customer-focused,Port Derekberg,0,San Marino,3/20/16 2:44,1
87.18,31,58288,193.6,GU Interface,West Andrew,0,Madagascar,1/31/16 5:12,0
56.91,50,21773,146.44,Data warehouse,West Randy,0,Norfolk Island,4/1/16 5:17,1
75.24,24,52253,226.49,HR encoding,South Christopher,0,Vanuatu,2/25/16 16:33,0
42.84,52,27073,182.2,Multi-channeled,Lake Michellebury,1,Tunisia,3/21/16 11:02,1
67.56,47,50628,109.98,Data warehouse,Zacharyton,0,Paraguay,2/12/16 5:20,1
34.96,42,36914,160.49,GU Interface,West James,1,Macedonia,6/1/16 16:10,1
87.46,37,61009,211.56,Cross-platform,Millerview,1,Heard Island and McDonald Islands,6/18/16 3:17,0
41.86,39,53042,128.62,Reverse-engineered,Hawkinsbury,1,Ethiopia,3/26/16 15:28,1
34.04,34,40183,174.88,Reverse-engineered,Elizabethport,1,El Salvador,2/18/16 7:37,1
54.96,42,59420,113.75,Data warehouse,West Amanda,1,Niger,2/28/16 9:31,1
87.14,31,58235,199.4,Multi-channeled,Wadestad,1,Timor-Leste,5/18/16 1:00,0
78.79,32,68324,215.29,24/7 Middleware,Mauriceshire,1,Uruguay,2/21/16 13:11,0
65.56,25,69646,181.25,Customer-focused,West Arielstad,1,Somalia,1/5/16 12:59,0
81.05,34,54045,245.5,GU Interface,Adamsstad,0,Malaysia,5/18/16 0:07,0
55.71,37,57806,112.52,open system,Lake James,1,Korea,3/6/16 23:26,1
45.48,49,53337,129.16,Object-based,Blairborough,1,Lao People's Democratic Republic,5/19/16 4:23,1
47,56,50491,149.53,Business-focused,New Marcusbury,0,Bahamas,4/29/16 20:40,1
59.64,51,71456,153.12,Configurable,Evansville,1,Guyana,5/3/16 1:09,1
35.98,45,43242,150.79,Reverse-engineered,Huffmanchester,0,Ethiopia,6/27/16 21:51,1
72.55,22,58953,202.34,Business-focused,New Cynthia,0,Bosnia and Herzegovina,2/8/16 7:33,0
91.15,38,36834,184.98,De-engineered,Joshuamouth,0,Cyprus,2/22/16 7:04,0
80.53,29,66345,187.64,Customer-focused,West Benjamin,0,Singapore,3/21/16 8:13,0
82.49,45,38645,130.84,User-friendly,Williamsfort,0,Dominican Republic,5/31/16 0:58,1
80.94,36,60803,239.94,Business-focused,North Tiffany,0,Bermuda,1/1/16 5:31,0
61.76,34,33554,114.69,open system,Edwardsport,0,Jamaica,5/27/16 8:53,1
63.3,38,63071,116.19,Customer-focused,Lake Evantown,0,Saint Barthelemy,5/9/16 7:13,1
36.73,34,46737,149.79,Global intranet,South Henry,1,Albania,6/27/16 1:56,1
78.41,33,55369,248.23,GU Interface,Harmonhaven,1,Mozambique,6/3/16 4:51,0
83.98,36,68306,194.62,HR encoding,West Gregburgh,0,Zimbabwe,2/24/16 0:44,0
63.18,45,39211,107.92,Configurable,Hansenland,0,Georgia,3/5/16 12:03,1
50.6,48,65957,135.67,Decentralized,Port Michaelmouth,0,Brazil,1/15/16 22:49,1
32.6,38,40159,190.05,Robust utilization,Tylerport,0,Syrian Arab Republic,2/12/16 3:39,1
60.83,19,40479,185.46,Data warehouse,West Lacey,1,Palestinian Territory,2/19/16 20:49,0
44.72,46,40469,123.86,Configurable,North Jenniferburgh,1,Grenada,3/12/16 2:48,1
78.76,51,66980,162.05,Configurable,South Davidhaven,0,Ghana,7/23/16 4:04,1
79.51,39,34942,125.11,Decentralized,North Charlesbury,1,Brunei Darussalam,3/6/16 9:33,1
39.3,32,48335,145.73,Triple-buffered,Jonathanland,0,Lithuania,2/24/16 4:11,1
64.79,30,42252,116.07,GU Interface,North Virginia,0,Maldives,2/17/16 20:22,1
89.8,36,57330,198.24,Triple-buffered,West Tanner,0,Lesotho,2/2/16 4:57,0
72.82,34,75770,191.82,De-engineered,Jonesmouth,1,Czech Republic,1/27/16 16:06,0
38.65,31,51813,154.77,Triple-buffered,Port Jason,1,Iceland,5/24/16 9:50,1
59.01,30,75266,178.75,Data warehouse,West Annefort,1,Philippines,2/8/16 22:45,1
78.96,50,69868,193.15,Object-based,East Jason,0,Cayman Islands,2/12/16 1:55,1
63.99,43,72802,138.46,Cross-platform,North Cassie,0,Haiti,1/11/16 8:18,1
41.35,27,39193,162.46,Object-based,Hintonport,1,Colombia,3/3/16 3:51,1
62.79,36,18369,231.87,Triple-buffered,New James,1,Luxembourg,5/30/16 20:08,1
45.53,29,56130,141.58,24/7 Middleware,North Destiny,0,United Arab Emirates,4/22/16 22:01,1
51.65,31,58997,249.99,Triple-buffered,Mclaughlinbury,0,Ireland,5/25/16 10:39,0
54.55,44,41548,109.04,Object-based,West Gabriellamouth,0,Canada,2/4/16 3:10,1
35.66,36,59240,172.57,Robust utilization,Alvarezland,0,Svalbard & Jan Mayen Islands,2/21/16 20:09,1
69.95,28,56725,247.01,GU Interface,New Julie,0,Malta,4/28/16 1:24,0
79.83,29,55764,234.23,Robust utilization,North Frankstad,1,Sudan,5/18/16 19:33,0
85.35,37,64236,161.42,Reverse-engineered,Claytonside,1,Ecuador,2/17/16 11:15,0
56.78,28,39939,124.32,Customer-focused,Melanieton,0,Senegal,6/19/16 23:04,1
78.67,26,63320,195.56,Object-based,Lake Michaelport,0,Cambodia,2/20/16 9:54,0
70.09,21,54726,211.17,Business-focused,East Benjaminville,0,Belarus,1/22/16 12:58,0
60.75,42,69776,247.05,Configurable,Garrettborough,1,Guyana,2/19/16 13:26,0
65.07,24,57546,233.85,GU Interface,Port Raymondfort,0,Mali,1/3/16 7:13,0
35.25,50,47051,194.44,Triple-buffered,Waltertown,0,Iran,1/3/16 4:39,1
37.58,52,51600,176.7,Decentralized,Cameronberg,1,Bulgaria,4/13/16 13:04,1
68.01,25,68358,188.32,Global intranet,Kaylashire,1,Afghanistan,1/1/16 3:35,0
45.08,38,35349,125.27,Triple-buffered,Fosterside,0,Liberia,3/27/16 8:32,1
63.04,27,69785,159.05,Data warehouse,Davidstad,0,Netherlands Antilles,7/10/16 16:25,1
40.18,29,50760,151.96,Cross-platform,Lake Tracy,0,Hong Kong,6/25/16 4:21,1
45.17,48,34418,132.07,Data warehouse,Taylormouth,1,Palau,1/27/16 14:41,1
50.48,50,20593,162.43,GU Interface,Dianaville,0,Malawi,5/18/16 18:51,1
80.87,28,63529,203.3,24/7 Middleware,Collinsburgh,0,Uruguay,2/27/16 20:20,0
41.88,40,44218,126.11,De-engineered,Port Rachel,1,Cyprus,2/28/16 23:54,1
39.87,48,47930,139.34,GU Interface,South Rebecca,1,Mexico,6/13/16 6:11,1
61.84,45,46024,105.63,Data warehouse,Port Joshuafort,1,Niger,5/5/16 11:07,1
54.97,31,51900,116.38,User-friendly,Robinsontown,1,France,7/7/16 12:17,1
71.4,30,72189,166.31,open system,Beckton,0,Japan,5/24/16 17:07,0
70.29,31,56975,254.65,Data warehouse,New Frankshire,1,Norfolk Island,3/30/16 14:36,0
67.26,57,25683,168.41,Decentralized,North Derekville,1,Bulgaria,5/27/16 5:54,1
76.58,46,41885,258.26,24/7 Middleware,West Sydney,0,Uzbekistan,1/3/16 16:30,0
54.37,38,72196,140.77,GU Interface,Lake Matthew,0,Mexico,6/25/16 18:17,1
82.79,32,54429,234.81,Decentralized,Lake Zacharyfurt,1,Brunei Darussalam,2/24/16 10:36,0
66.47,31,58038,256.39,User-friendly,Lindsaymouth,1,France,3/3/16 3:13,0
72.88,44,64011,125.12,HR encoding,Sarahland,0,Yemen,4/21/16 19:56,1
76.44,28,59967,232.68,Data warehouse,Port Julie,1,Northern Mariana Islands,4/6/16 17:26,0
63.37,43,43155,105.04,Data warehouse,Michaelshire,1,Poland,3/23/16 12:53,1
89.71,48,51501,204.4,Business-focused,Sarafurt,1,Bahrain,2/17/16 7:00,0
70.96,31,55188,256.4,Customer-focused,South Denise,0,Saint Pierre and Miquelon,6/26/16 7:01,0
35.79,44,33813,165.62,Multi-channeled,North Katie,1,Tonga,4/20/16 13:36,1
38.96,38,36497,140.67,Object-based,Mauricefurt,1,Comoros,7/21/16 16:02,1
69.17,40,66194,123.62,GU Interface,New Patrick,0,Montenegro,3/6/16 11:36,1
64.2,27,66201,227.63,Triple-buffered,Edwardsmouth,1,Isle of Man,2/11/16 23:45,0
43.7,28,63127,173.01,GU Interface,Nicholasland,0,Mayotte,4/4/16 3:57,1
72.97,30,71385,208.58,Triple-buffered,Duffystad,1,Lebanon,2/11/16 21:49,1
51.3,45,67782,134.42,Business-focused,New Darlene,1,Bosnia and Herzegovina,4/22/16 2:07,1
51.63,51,42416,120.37,GU Interface,South Jessica,1,Mongolia,2/1/16 17:24,1
55.55,19,41921,187.95,Configurable,West Steven,0,Guatemala,3/24/16 2:35,0
45.01,26,29876,178.35,Decentralized,Ronniemouth,0,Brazil,6/3/16 21:43,1